2026/09/09 01:23:43.116, 810, 810, 13.54, 55
2026/09/09 01:23:43.136, 810, 810, 13.54, 55
2026/09/09 01:23:43.146, 810, 810, 13.54, 55
2026/09/09 01:23:43.156, 810, 810, 13.54, 55
2026/09/09 01:23:43.166, 810, 810, 13.54, 55
2026/09/09 01:23:43.177, 810, 810, 13.54, 55
2026/09/09 01:23:43.187, 810, 810, 13.54, 55
2026/09/09 01:23:43.197, 810, 810, 13.54, 55
2026/09/09 01:23:43.207, 810, 810, 13.54, 55
2026/09/09 01:23:43.217, 810, 810, 13.54, 55
2026/09/09 01:23:43.227, 810, 810, 13.54, 55
2026/09/09 01:23:43.238, 810, 810, 13.54, 55
2026/09/09 01:23:43.248, 810, 810, 13.54, 55
2026/09/09 01:23:43.258, 810, 810, 13.54, 55
2026/09/09 01:23:43.268, 810, 810, 13.54, 55
2026/09/09 01:23:43.278, 810, 810, 13.54, 55
2026/09/09 01:23:43.288, 810, 810, 13.54, 55
2026/09/09 01:23:43.299, 810, 810, 13.54, 55
2026/09/09 01:23:43.309, 810, 810, 13.54, 55
2026/09/09 01:23:43.319, 810, 810, 13.54, 55
2026/09/09 01:23:43.329, 810, 810, 13.54, 55
2026/09/09 01:23:43.339, 810, 810, 13.54, 55
2026/09/09 01:23:43.349, 810, 810, 13.54, 55
2026/09/09 01:23:43.359, 810, 810, 13.54, 55
2026/09/09 01:23:43.370, 810, 810, 13.54, 55
2026/09/09 01:23:43.380, 810, 810, 13.54, 55
2026/09/09 01:23:43.390, 810, 810, 13.54, 55
2026/09/09 01:23:43.400, 810, 810, 13.54, 55
2026/09/09 01:23:43.410, 810, 810, 13.54, 55
2026/09/09 01:23:43.421, 810, 810, 13.54, 55
2026/09/09 01:23:43.431, 810, 810, 13.54, 55
2026/09/09 01:23:43.441, 810, 810, 13.54, 55
2026/09/09 01:23:43.451, 810, 810, 13.54, 55
2026/09/09 01:23:43.462, 810, 810, 13.54, 55
2026/09/09 01:23:43.472, 810, 810, 13.54, 55
2026/09/09 01:23:43.482, 810, 810, 13.54, 55
2026/09/09 01:23:43.492, 810, 810, 13.54, 55
2026/09/09 01:23:43.502, 810, 810, 13.54, 55
2026/09/09 01:23:43.512, 810, 810, 13.54, 55
2026/09/09 01:23:43.523, 810, 810, 13.54, 55
2026/09/09 01:23:43.533, 810, 810, 13.54, 55
2026/09/09 01:23:43.543, 810, 810, 13.54, 55
2026/09/09 01:23:43.553, 810, 810, 13.54, 55
2026/09/09 01:23:43.563, 810, 810, 13.54, 55
2026/09/09 01:23:43.573, 810, 810, 13.54, 55
2026/09/09 01:23:43.584, 810, 810, 13.54, 55
2026/09/09 01:23:43.594, 810, 810, 13.54, 55
2026/09/09 01:23:43.604, 810, 810, 13.54, 55
2026/09/09 01:23:43.614, 810, 810, 13.54, 55
2026/09/09 01:23:43.624, 810, 810, 13.54, 55
2026/09/09 01:23:43.634, 810, 810, 13.54, 55
2026/09/09 01:23:43.644, 810, 810, 13.54, 55
2026/09/09 01:23:43.654, 810, 810, 13.54, 55
2026/09/09 01:23:43.665, 810, 810, 13.54, 55
2026/09/09 01:23:43.675, 810, 810, 13.54, 55
2026/09/09 01:23:43.685, 810, 810, 13.54, 55
2026/09/09 01:23:43.695, 810, 810, 13.54, 55
2026/09/09 01:23:43.705, 810, 810, 13.54, 55
2026/09/09 01:23:43.715, 810, 810, 13.54, 55
2026/09/09 01:23:43.725, 810, 810, 13.54, 55
2026/09/09 01:23:43.735, 810, 810, 13.54, 55
2026/09/09 01:23:43.746, 810, 810, 13.54, 55
2026/09/09 01:23:43.756, 810, 810, 13.54, 55
2026/09/09 01:23:43.766, 810, 810, 13.54, 55
2026/09/09 01:23:43.776, 1095, 8001, 10.88, 55
2026/09/09 01:23:43.786, 1095, 8001, 10.88, 55
2026/09/09 01:23:43.796, 1095, 8001, 10.88, 55
2026/09/09 01:23:43.807, 1095, 8001, 10.88, 55
2026/09/09 01:23:43.817, 1095, 8001, 10.88, 55
2026/09/09 01:23:43.827, 1095, 8001, 10.88, 55
2026/09/09 01:23:43.837, 1095, 8001, 10.88, 55
2026/09/09 01:23:43.847, 1095, 8001, 10.88, 55
2026/09/09 01:23:43.857, 1095, 8001, 10.88, 55
2026/09/09 01:23:43.867, 1095, 8001, 10.88, 55
2026/09/09 01:23:43.878, 1095, 8001, 10.88, 55
2026/09/09 01:23:43.888, 1095, 8001, 10.88, 55
2026/09/09 01:23:43.898, 1095, 8001, 10.88, 55
2026/09/09 01:23:43.908, 1095, 8001, 10.88, 55
2026/09/09 01:23:43.918, 1095, 8001, 10.88, 55
2026/09/09 01:23:43.928, 1095, 8001, 10.88, 55
2026/09/09 01:23:43.939, 1095, 8001, 10.88, 55
2026/09/09 01:23:43.949, 1095, 8001, 10.88, 55
2026/09/09 01:23:43.959, 1095, 8001, 10.88, 55
2026/09/09 01:23:43.969, 1095, 8001, 10.88, 55
2026/09/09 01:23:43.979, 1095, 8001, 10.88, 55
2026/09/09 01:23:43.989, 1095, 8001, 10.88, 55
2026/09/09 01:23:44.000, 1095, 8001, 10.88, 55
2026/09/09 01:23:44.010, 1095, 8001, 10.88, 55
2026/09/09 01:23:44.020, 1095, 8001, 10.88, 55
2026/09/09 01:23:44.030, 1095, 8001, 10.88, 55
2026/09/09 01:23:44.041, 1095, 8001, 10.88, 55
2026/09/09 01:23:44.051, 1095, 8001, 10.88, 55
2026/09/09 01:23:44.061, 1095, 8001, 10.88, 55
2026/09/09 01:23:44.071, 1095, 8001, 10.88, 55
2026/09/09 01:23:44.081, 1095, 8001, 10.88, 55
2026/09/09 01:23:44.091, 1095, 8001, 10.88, 55
2026/09/09 01:23:44.102, 1095, 8001, 10.88, 55
2026/09/09 01:23:44.112, 1095, 8001, 10.88, 55
2026/09/09 01:23:44.122, 1095, 8001, 10.88, 55
2026/09/09 01:23:44.134, 1095, 8001, 10.88, 55
2026/09/09 01:23:44.144, 1095, 8001, 10.88, 55
2026/09/09 01:23:44.154, 1095, 8001, 10.88, 55
2026/09/09 01:23:44.164, 1095, 8001, 10.88, 55
2026/09/09 01:23:44.174, 1095, 8001, 10.88, 55
2026/09/09 01:23:44.185, 1095, 8001, 10.88, 55
2026/09/09 01:23:44.195, 1095, 8001, 10.88, 55
2026/09/09 01:23:44.205, 1095, 8001, 10.88, 55
2026/09/09 01:23:44.215, 1095, 8001, 10.88, 55
2026/09/09 01:23:44.226, 1095, 8001, 10.88, 55
2026/09/09 01:23:44.236, 1095, 8001, 10.88, 55
2026/09/09 01:23:44.246, 1095, 8001, 10.88, 55
2026/09/09 01:23:44.256, 1095, 8001, 10.88, 55
2026/09/09 01:23:44.266, 1095, 8001, 10.88, 55
2026/09/09 01:23:44.276, 1095, 7001, 12.57, 55
2026/09/09 01:23:44.287, 1095, 7001, 12.57, 55
2026/09/09 01:23:44.297, 1095, 7001, 12.57, 55
2026/09/09 01:23:44.307, 1095, 7001, 12.57, 55
2026/09/09 01:23:44.317, 1095, 7001, 12.57, 55
2026/09/09 01:23:44.327, 1095, 7001, 12.57, 55
2026/09/09 01:23:44.338, 1095, 7001, 12.57, 55
2026/09/09 01:23:44.348, 1095, 7001, 12.57, 55
2026/09/09 01:23:44.358, 1095, 7001, 12.57, 55
2026/09/09 01:23:44.368, 1095, 7001, 12.57, 55
2026/09/09 01:23:44.378, 1095, 7001, 12.57, 55
2026/09/09 01:23:44.389, 1095, 7001, 12.57, 55
2026/09/09 01:23:44.399, 1095, 7001, 12.57, 55
2026/09/09 01:23:44.409, 1095, 7001, 12.57, 55
2026/09/09 01:23:44.419, 1095, 7001, 12.57, 55
2026/09/09 01:23:44.429, 1095, 7001, 12.57, 55
2026/09/09 01:23:44.440, 1095, 7001, 12.57, 55
2026/09/09 01:23:44.450, 1095, 7001, 12.57, 55
2026/09/09 01:23:44.460, 1095, 7001, 12.57, 55
2026/09/09 01:23:44.470, 1095, 7001, 12.57, 55
2026/09/09 01:23:44.480, 1095, 7001, 12.57, 55
2026/09/09 01:23:44.490, 1095, 7001, 12.57, 55
2026/09/09 01:23:44.501, 1095, 7001, 12.57, 55
2026/09/09 01:23:44.511, 1095, 7001, 12.57, 55
2026/09/09 01:23:44.521, 1095, 7001, 12.57, 55
2026/09/09 01:23:44.531, 1095, 7001, 12.57, 55
2026/09/09 01:23:44.541, 1095, 7001, 12.57, 55
2026/09/09 01:23:44.551, 1095, 7001, 12.57, 55
2026/09/09 01:23:44.561, 1095, 7001, 12.57, 55
2026/09/09 01:23:44.571, 1095, 7001, 12.57, 55
2026/09/09 01:23:44.582, 1095, 7001, 12.57, 55
2026/09/09 01:23:44.592, 1095, 7001, 12.57, 55
2026/09/09 01:23:44.602, 1095, 7001, 12.57, 55
2026/09/09 01:23:44.612, 1095, 7001, 12.57, 55
2026/09/09 01:23:44.622, 1095, 7001, 12.57, 55
2026/09/09 01:23:44.635, 1095, 7001, 12.57, 55
2026/09/09 01:23:44.645, 1095, 7001, 12.57, 55
2026/09/09 01:23:44.655, 1095, 7001, 12.57, 55
2026/09/09 01:23:44.665, 1095, 7001, 12.57, 55
2026/09/09 01:23:44.675, 1095, 7001, 12.57, 55
2026/09/09 01:23:44.686, 1095, 7001, 12.57, 55
2026/09/09 01:23:44.696, 1095, 7001, 12.57, 55
2026/09/09 01:23:44.706, 1095, 7001, 12.57, 55
2026/09/09 01:23:44.716, 1095, 7001, 12.57, 55
2026/09/09 01:23:44.726, 1095, 7001, 12.57, 55
2026/09/09 01:23:44.736, 1095, 7001, 12.57, 55
2026/09/09 01:23:44.746, 1095, 7001, 12.57, 55
2026/09/09 01:23:44.757, 1095, 7001, 12.57, 55
2026/09/09 01:23:44.767, 1095, 7001, 12.57, 55
2026/09/09 01:23:44.777, 1095, 8001, 14.27, 55
2026/09/09 01:23:44.787, 1095, 8001, 14.27, 55
2026/09/09 01:23:44.797, 1095, 8001, 14.27, 55
2026/09/09 01:23:44.807, 1095, 8001, 14.27, 55
2026/09/09 01:23:44.817, 1095, 8001, 14.27, 55
2026/09/09 01:23:44.828, 1095, 8001, 14.27, 55
2026/09/09 01:23:44.838, 1095, 8001, 14.27, 55
2026/09/09 01:23:44.848, 1095, 8001, 14.27, 55
2026/09/09 01:23:44.859, 1095, 8001, 14.27, 55
2026/09/09 01:23:44.869, 1095, 8001, 14.27, 55
2026/09/09 01:23:44.879, 1095, 8001, 14.27, 55
2026/09/09 01:23:44.889, 1095, 8001, 14.27, 55
2026/09/09 01:23:44.899, 1095, 8001, 14.27, 55
2026/09/09 01:23:44.909, 1095, 8001, 14.27, 55
2026/09/09 01:23:44.920, 1095, 8001, 14.27, 55
2026/09/09 01:23:44.930, 1095, 8001, 14.27, 55
2026/09/09 01:23:44.940, 1095, 8001, 14.27, 55
2026/09/09 01:23:44.950, 1095, 8001, 14.27, 55
2026/09/09 01:23:44.961, 1095, 8001, 14.27, 55
2026/09/09 01:23:44.971, 1095, 8001, 14.27, 55
2026/09/09 01:23:44.981, 1095, 8001, 14.27, 55
2026/09/09 01:23:44.991, 1095, 8001, 14.27, 55
2026/09/09 01:23:45.002, 1095, 8001, 14.27, 55
2026/09/09 01:23:45.012, 1095, 8001, 14.27, 55
2026/09/09 01:23:45.022, 1095, 8001, 14.27, 55
2026/09/09 01:23:45.032, 1095, 8001, 14.27, 55
2026/09/09 01:23:45.042, 1095, 8001, 14.27, 55
2026/09/09 01:23:45.053, 1095, 8001, 14.27, 55
2026/09/09 01:23:45.063, 1095, 8001, 14.27, 55
2026/09/09 01:23:45.073, 1095, 8001, 14.27, 55
2026/09/09 01:23:45.083, 1095, 8001, 14.27, 55
2026/09/09 01:23:45.093, 1095, 8001, 14.27, 55
2026/09/09 01:23:45.104, 1095, 8001, 14.27, 55
2026/09/09 01:23:45.114, 1095, 8001, 14.27, 55
2026/09/09 01:23:45.124, 1095, 8001, 14.27, 55
2026/09/09 01:23:45.136, 1095, 8001, 14.27, 55
2026/09/09 01:23:45.146, 1095, 8001, 14.27, 55
2026/09/09 01:23:45.156, 1095, 8001, 14.27, 55
2026/09/09 01:23:45.167, 1095, 8001, 14.27, 55
2026/09/09 01:23:45.177, 1095, 8001, 14.27, 55
2026/09/09 01:23:45.187, 1095, 8001, 14.27, 55
2026/09/09 01:23:45.197, 1095, 8001, 14.27, 55
2026/09/09 01:23:45.207, 1095, 8001, 14.27, 55
2026/09/09 01:23:45.218, 1095, 8001, 14.27, 55
2026/09/09 01:23:45.228, 1095, 8001, 14.27, 55
2026/09/09 01:23:45.238, 1095, 8001, 14.27, 55
2026/09/09 01:23:45.248, 1095, 8001, 14.27, 55
2026/09/09 01:23:45.259, 1095, 8001, 14.27, 55
2026/09/09 01:23:45.269, 1095, 8001, 14.48, 55
2026/09/09 01:23:45.279, 1095, 8001, 14.48, 56
2026/09/09 01:23:45.289, 1095, 8001, 14.48, 56
2026/09/09 01:23:45.299, 1095, 8001, 14.48, 56
2026/09/09 01:23:45.310, 1095, 8001, 14.48, 56
2026/09/09 01:23:45.320, 1095, 8001, 14.48, 56
2026/09/09 01:23:45.330, 1095, 8001, 14.48, 56
2026/09/09 01:23:45.340, 1095, 8001, 14.48, 56
2026/09/09 01:23:45.350, 1095, 8001, 14.48, 56
2026/09/09 01:23:45.361, 1095, 8001, 14.48, 56
2026/09/09 01:23:45.371, 1095, 8001, 14.48, 56
2026/09/09 01:23:45.381, 1095, 8001, 14.48, 56
2026/09/09 01:23:45.391, 1095, 8001, 14.48, 56
2026/09/09 01:23:45.401, 1095, 8001, 14.48, 56
2026/09/09 01:23:45.412, 1095, 8001, 14.48, 56
2026/09/09 01:23:45.422, 1095, 8001, 14.48, 56
2026/09/09 01:23:45.432, 1095, 8001, 14.48, 56
2026/09/09 01:23:45.442, 1095, 8001, 14.48, 56
2026/09/09 01:23:45.452, 1095, 8001, 14.48, 56
2026/09/09 01:23:45.462, 1095, 8001, 14.48, 56
2026/09/09 01:23:45.472, 1095, 8001, 14.48, 56
2026/09/09 01:23:45.482, 1095, 8001, 14.48, 56
2026/09/09 01:23:45.493, 1095, 8001, 14.48, 56
2026/09/09 01:23:45.503, 1095, 8001, 14.48, 56
2026/09/09 01:23:45.513, 1095, 8001, 14.48, 56
2026/09/09 01:23:45.523, 1095, 8001, 14.48, 56
2026/09/09 01:23:45.533, 1095, 8001, 14.48, 56
2026/09/09 01:23:45.544, 1095, 8001, 14.48, 56
2026/09/09 01:23:45.554, 1095, 8001, 14.48, 56
2026/09/09 01:23:45.564, 1095, 8001, 14.48, 56
2026/09/09 01:23:45.574, 1095, 8001, 14.48, 56
2026/09/09 01:23:45.584, 1095, 8001, 14.48, 56
2026/09/09 01:23:45.594, 1095, 8001, 14.48, 56
2026/09/09 01:23:45.605, 1095, 8001, 14.48, 56
2026/09/09 01:23:45.615, 1095, 8001, 14.48, 56
2026/09/09 01:23:45.625, 1095, 8001, 14.48, 56
2026/09/09 01:23:45.635, 1095, 8001, 14.48, 56
2026/09/09 01:23:45.645, 1095, 8001, 14.48, 56
2026/09/09 01:23:45.655, 1095, 8001, 14.48, 56
2026/09/09 01:23:45.666, 1095, 8001, 14.48, 56
2026/09/09 01:23:45.676, 1095, 8001, 14.48, 56
2026/09/09 01:23:45.686, 1095, 8001, 14.48, 56
2026/09/09 01:23:45.696, 1095, 8001, 14.48, 56
2026/09/09 01:23:45.706, 1095, 8001, 14.48, 56
2026/09/09 01:23:45.717, 1095, 8001, 14.48, 56
2026/09/09 01:23:45.727, 1095, 8001, 14.48, 56
2026/09/09 01:23:45.737, 1095, 8001, 14.48, 56
2026/09/09 01:23:45.747, 1095, 8001, 14.48, 56
2026/09/09 01:23:45.758, 1095, 8001, 14.48, 56
2026/09/09 01:23:45.768, 1095, 8001, 14.48, 56
2026/09/09 01:23:45.778, 855, 810, 14.00, 55
2026/09/09 01:23:45.788, 855, 810, 14.00, 55
2026/09/09 01:23:45.798, 855, 810, 14.00, 55
2026/09/09 01:23:45.809, 855, 810, 14.00, 55
2026/09/09 01:23:45.819, 855, 810, 14.00, 55
2026/09/09 01:23:45.829, 855, 810, 14.00, 55
2026/09/09 01:23:45.840, 855, 810, 14.00, 55
2026/09/09 01:23:45.850, 855, 810, 14.00, 55
2026/09/09 01:23:45.860, 855, 810, 14.00, 55
2026/09/09 01:23:45.870, 855, 810, 14.00, 55
2026/09/09 01:23:45.880, 855, 810, 14.00, 55
2026/09/09 01:23:45.891, 855, 810, 14.00, 55
2026/09/09 01:23:45.901, 855, 810, 14.00, 55
2026/09/09 01:23:45.911, 855, 810, 14.00, 55
2026/09/09 01:23:45.921, 855, 810, 14.00, 55
2026/09/09 01:23:45.931, 855, 810, 14.00, 55
2026/09/09 01:23:45.941, 855, 810, 14.00, 55
2026/09/09 01:23:45.952, 855, 810, 14.00, 55
2026/09/09 01:23:45.962, 855, 810, 14.00, 55
2026/09/09 01:23:45.972, 855, 810, 14.00, 55
2026/09/09 01:23:45.982, 855, 810, 14.00, 55
2026/09/09 01:23:45.992, 855, 810, 14.00, 55
2026/09/09 01:23:46.003, 855, 810, 14.00, 55
2026/09/09 01:23:46.013, 855, 810, 14.00, 55
2026/09/09 01:23:46.023, 855, 810, 14.00, 55
2026/09/09 01:23:46.033, 855, 810, 14.00, 55
2026/09/09 01:23:46.043, 855, 810, 14.00, 55
2026/09/09 01:23:46.054, 855, 810, 14.00, 55
2026/09/09 01:23:46.064, 855, 810, 14.00, 55
2026/09/09 01:23:46.074, 855, 810, 14.00, 55
2026/09/09 01:23:46.084, 855, 810, 14.00, 55
2026/09/09 01:23:46.094, 855, 810, 14.00, 55
2026/09/09 01:23:46.104, 855, 810, 14.00, 55
2026/09/09 01:23:46.115, 855, 810, 14.00, 55
2026/09/09 01:23:46.125, 855, 810, 14.00, 55
2026/09/09 01:23:46.135, 855, 810, 14.00, 55
2026/09/09 01:23:46.145, 855, 810, 14.00, 55
2026/09/09 01:23:46.155, 855, 810, 14.00, 55
2026/09/09 01:23:46.165, 855, 810, 14.00, 55
2026/09/09 01:23:46.175, 855, 810, 14.00, 55
2026/09/09 01:23:46.186, 855, 810, 14.00, 55
2026/09/09 01:23:46.196, 855, 810, 14.00, 55
2026/09/09 01:23:46.206, 855, 810, 14.00, 55
2026/09/09 01:23:46.216, 855, 810, 14.00, 55
2026/09/09 01:23:46.226, 855, 810, 14.00, 55
2026/09/09 01:23:46.236, 855, 810, 14.00, 55
2026/09/09 01:23:46.246, 855, 810, 14.00, 55
2026/09/09 01:23:46.257, 855, 810, 14.00, 55
2026/09/09 01:23:46.267, 855, 810, 14.00, 55
2026/09/09 01:23:46.277, 2250, 8001, 12.29, 57
2026/09/09 01:23:46.287, 2250, 8001, 12.29, 57
2026/09/09 01:23:46.297, 2250, 8001, 12.29, 57
2026/09/09 01:23:46.307, 2250, 8001, 12.29, 57
2026/09/09 01:23:46.317, 2250, 8001, 12.29, 57
2026/09/09 01:23:46.328, 2250, 8001, 12.29, 57
2026/09/09 01:23:46.338, 2250, 8001, 12.29, 57
2026/09/09 01:23:46.348, 2250, 8001, 12.29, 57
2026/09/09 01:23:46.358, 2250, 8001, 12.29, 57
2026/09/09 01:23:46.368, 2250, 8001, 12.29, 57
2026/09/09 01:23:46.378, 2250, 8001, 12.29, 57
2026/09/09 01:23:46.388, 2250, 8001, 12.29, 57
2026/09/09 01:23:46.399, 2250, 8001, 12.29, 57
2026/09/09 01:23:46.409, 2250, 8001, 12.29, 57
2026/09/09 01:23:46.419, 2250, 8001, 12.29, 57
2026/09/09 01:23:46.430, 2250, 8001, 12.29, 57
2026/09/09 01:23:46.440, 2250, 8001, 12.29, 57
2026/09/09 01:23:46.450, 2250, 8001, 12.29, 57
2026/09/09 01:23:46.460, 2250, 8001, 12.29, 57
2026/09/09 01:23:46.470, 2250, 8001, 12.29, 57
2026/09/09 01:23:46.481, 2250, 8001, 12.29, 57
2026/09/09 01:23:46.491, 2250, 8001, 12.29, 57
2026/09/09 01:23:46.501, 2250, 8001, 12.29, 57
2026/09/09 01:23:46.511, 2250, 8001, 12.29, 57
2026/09/09 01:23:46.522, 2250, 8001, 12.29, 57
2026/09/09 01:23:46.532, 2250, 8001, 12.29, 57
2026/09/09 01:23:46.542, 2250, 8001, 12.29, 57
2026/09/09 01:23:46.552, 2250, 8001, 12.29, 57
2026/09/09 01:23:46.562, 2250, 8001, 12.29, 57
2026/09/09 01:23:46.572, 2250, 8001, 12.29, 57
2026/09/09 01:23:46.582, 2250, 8001, 12.29, 57
2026/09/09 01:23:46.592, 2250, 8001, 12.29, 57
2026/09/09 01:23:46.603, 2250, 8001, 12.29, 57
2026/09/09 01:23:46.613, 2250, 8001, 12.29, 57
2026/09/09 01:23:46.623, 2250, 8001, 12.29, 57
2026/09/09 01:23:46.636, 2250, 8001, 12.29, 57
2026/09/09 01:23:46.647, 2250, 8001, 12.29, 57
2026/09/09 01:23:46.657, 2250, 8001, 12.29, 57
2026/09/09 01:23:46.667, 2250, 8001, 12.29, 57
2026/09/09 01:23:46.677, 2250, 8001, 12.29, 57
2026/09/09 01:23:46.687, 2250, 8001, 12.29, 57
2026/09/09 01:23:46.697, 2250, 8001, 12.29, 57
2026/09/09 01:23:46.707, 2250, 8001, 12.29, 57
2026/09/09 01:23:46.717, 2250, 8001, 12.29, 57
2026/09/09 01:23:46.728, 2250, 8001, 12.29, 57
2026/09/09 01:23:46.738, 2250, 8001, 12.29, 57
2026/09/09 01:23:46.748, 2250, 8001, 12.29, 57
2026/09/09 01:23:46.758, 2250, 8001, 12.29, 57
2026/09/09 01:23:46.769, 2625, 8001, 18.37, 57
2026/09/09 01:23:46.779, 2625, 8001, 18.37, 57
2026/09/09 01:23:46.789, 2625, 8001, 18.37, 57
2026/09/09 01:23:46.799, 2625, 8001, 18.37, 57
2026/09/09 01:23:46.809, 2625, 8001, 18.37, 57
2026/09/09 01:23:46.820, 2625, 8001, 18.37, 57
2026/09/09 01:23:46.830, 2625, 8001, 18.37, 57
2026/09/09 01:23:46.840, 2625, 8001, 18.37, 57
2026/09/09 01:23:46.850, 2625, 8001, 18.37, 57
2026/09/09 01:23:46.861, 2625, 8001, 18.37, 57
2026/09/09 01:23:46.871, 2625, 8001, 18.37, 57
2026/09/09 01:23:46.881, 2625, 8001, 18.37, 57
2026/09/09 01:23:46.891, 2625, 8001, 18.37, 57
2026/09/09 01:23:46.901, 2625, 8001, 18.37, 57
2026/09/09 01:23:46.911, 2625, 8001, 18.37, 57
2026/09/09 01:23:46.922, 2625, 8001, 18.37, 57
2026/09/09 01:23:46.932, 2625, 8001, 18.37, 57
2026/09/09 01:23:46.942, 2625, 8001, 18.37, 57
2026/09/09 01:23:46.952, 2625, 8001, 18.37, 57
2026/09/09 01:23:46.962, 2625, 8001, 18.37, 57
2026/09/09 01:23:46.972, 2625, 8001, 18.37, 57
2026/09/09 01:23:46.983, 2625, 8001, 18.37, 57
2026/09/09 01:23:46.993, 2625, 8001, 18.37, 57
2026/09/09 01:23:47.003, 2625, 8001, 18.37, 57
2026/09/09 01:23:47.013, 2625, 8001, 18.37, 57
2026/09/09 01:23:47.024, 2625, 8001, 18.37, 57
2026/09/09 01:23:47.034, 2625, 8001, 18.37, 57
2026/09/09 01:23:47.044, 2625, 8001, 18.37, 57
2026/09/09 01:23:47.054, 2625, 8001, 18.37, 57
2026/09/09 01:23:47.064, 2625, 8001, 18.37, 57
2026/09/09 01:23:47.074, 2625, 8001, 18.37, 57
2026/09/09 01:23:47.085, 2625, 8001, 18.37, 57
2026/09/09 01:23:47.095, 2625, 8001, 18.37, 57
2026/09/09 01:23:47.105, 2625, 8001, 18.37, 57
2026/09/09 01:23:47.115, 2625, 8001, 18.37, 57
2026/09/09 01:23:47.126, 2625, 8001, 18.37, 57
2026/09/09 01:23:47.136, 2625, 8001, 18.37, 57
2026/09/09 01:23:47.146, 2625, 8001, 18.37, 57
2026/09/09 01:23:47.157, 2625, 8001, 18.37, 57
2026/09/09 01:23:47.167, 2625, 8001, 18.37, 57
2026/09/09 01:23:47.177, 2625, 8001, 18.37, 57
2026/09/09 01:23:47.187, 2625, 8001, 18.37, 57
2026/09/09 01:23:47.198, 2625, 8001, 18.37, 57
2026/09/09 01:23:47.208, 2625, 8001, 18.37, 57
2026/09/09 01:23:47.218, 2625, 8001, 18.37, 57
2026/09/09 01:23:47.228, 2625, 8001, 18.37, 57
2026/09/09 01:23:47.239, 2625, 8001, 18.37, 57
2026/09/09 01:23:47.249, 2625, 8001, 18.37, 57
2026/09/09 01:23:47.259, 2625, 8001, 18.37, 57
2026/09/09 01:23:47.270, 2625, 8001, 25.93, 57
2026/09/09 01:23:47.280, 2625, 8001, 25.93, 57
2026/09/09 01:23:47.290, 2625, 8001, 25.93, 57
2026/09/09 01:23:47.300, 2625, 8001, 25.93, 57
2026/09/09 01:23:47.310, 2625, 8001, 25.93, 57
2026/09/09 01:23:47.321, 2625, 8001, 25.93, 57
2026/09/09 01:23:47.331, 2625, 8001, 25.93, 57
2026/09/09 01:23:47.341, 2625, 8001, 25.93, 57
2026/09/09 01:23:47.351, 2625, 8001, 25.93, 57
2026/09/09 01:23:47.361, 2625, 8001, 25.93, 57
2026/09/09 01:23:47.371, 2625, 8001, 25.93, 57
2026/09/09 01:23:47.382, 2625, 8001, 25.93, 57
2026/09/09 01:23:47.392, 2625, 8001, 25.93, 57
2026/09/09 01:23:47.402, 2625, 8001, 25.93, 57
2026/09/09 01:23:47.412, 2625, 8001, 25.93, 57
2026/09/09 01:23:47.422, 2625, 8001, 25.93, 57
2026/09/09 01:23:47.432, 2625, 8001, 25.93, 57
2026/09/09 01:23:47.443, 2625, 8001, 25.93, 57
2026/09/09 01:23:47.453, 2625, 8001, 25.93, 57
2026/09/09 01:23:47.463, 2625, 8001, 25.93, 57
2026/09/09 01:23:47.473, 2625, 8001, 25.93, 57
2026/09/09 01:23:47.483, 2625, 8001, 25.93, 57
2026/09/09 01:23:47.493, 2625, 8001, 25.93, 57
2026/09/09 01:23:47.503, 2625, 8001, 25.93, 57
2026/09/09 01:23:47.514, 2625, 8001, 25.93, 57
2026/09/09 01:23:47.524, 2625, 8001, 25.93, 57
2026/09/09 01:23:47.534, 2625, 8001, 25.93, 57
2026/09/09 01:23:47.544, 2625, 8001, 25.93, 57
2026/09/09 01:23:47.554, 2625, 8001, 25.93, 57
2026/09/09 01:23:47.564, 2625, 8001, 25.93, 57
2026/09/09 01:23:47.574, 2625, 8001, 25.93, 57
2026/09/09 01:23:47.585, 2625, 8001, 25.93, 57
2026/09/09 01:23:47.595, 2625, 8001, 25.93, 57
2026/09/09 01:23:47.605, 2625, 8001, 25.93, 57
2026/09/09 01:23:47.615, 2625, 8001, 25.93, 57
2026/09/09 01:23:47.625, 2625, 8001, 25.93, 57
2026/09/09 01:23:47.635, 2625, 8001, 25.93, 57
2026/09/09 01:23:47.645, 2625, 8001, 25.93, 57
2026/09/09 01:23:47.655, 2625, 8001, 25.93, 57
2026/09/09 01:23:47.666, 2625, 8001, 25.93, 57
2026/09/09 01:23:47.676, 2625, 8001, 25.93, 57
2026/09/09 01:23:47.686, 2625, 8001, 25.93, 57
2026/09/09 01:23:47.696, 2625, 8001, 25.93, 57
2026/09/09 01:23:47.706, 2625, 8001, 25.93, 57
2026/09/09 01:23:47.716, 2625, 8001, 25.93, 57
2026/09/09 01:23:47.727, 2625, 8001, 25.93, 57
2026/09/09 01:23:47.737, 2625, 8001, 25.93, 57
2026/09/09 01:23:47.747, 2625, 8001, 25.93, 57
2026/09/09 01:23:47.757, 2625, 8001, 25.93, 57
2026/09/09 01:23:47.767, 2625, 8001, 25.93, 57
2026/09/09 01:23:47.778, 2625, 8001, 25.35, 57
2026/09/09 01:23:47.788, 2625, 8001, 25.35, 57
2026/09/09 01:23:47.798, 2625, 8001, 25.35, 57
2026/09/09 01:23:47.809, 2625, 8001, 25.35, 57
2026/09/09 01:23:47.819, 2625, 8001, 25.35, 57
2026/09/09 01:23:47.829, 2625, 8001, 25.35, 57
2026/09/09 01:23:47.839, 2625, 8001, 25.35, 57
2026/09/09 01:23:47.850, 2625, 8001, 25.35, 57
2026/09/09 01:23:47.860, 2625, 8001, 25.35, 57
2026/09/09 01:23:47.870, 2625, 8001, 25.35, 57
2026/09/09 01:23:47.880, 2625, 8001, 25.35, 57
2026/09/09 01:23:47.890, 2625, 8001, 25.35, 57
2026/09/09 01:23:47.901, 2625, 8001, 25.35, 57
2026/09/09 01:23:47.911, 2625, 8001, 25.35, 57
2026/09/09 01:23:47.921, 2625, 8001, 25.35, 57
2026/09/09 01:23:47.931, 2625, 8001, 25.35, 57
2026/09/09 01:23:47.942, 2625, 8001, 25.35, 57
2026/09/09 01:23:47.952, 2625, 8001, 25.35, 57
2026/09/09 01:23:47.962, 2625, 8001, 25.35, 57
2026/09/09 01:23:47.972, 2625, 8001, 25.35, 57
2026/09/09 01:23:47.982, 2625, 8001, 25.35, 57
2026/09/09 01:23:47.992, 2625, 8001, 25.35, 57
2026/09/09 01:23:48.003, 2625, 8001, 25.35, 57
2026/09/09 01:23:48.013, 2625, 8001, 25.35, 57
2026/09/09 01:23:48.023, 2625, 8001, 25.35, 57
2026/09/09 01:23:48.033, 2625, 8001, 25.35, 57
2026/09/09 01:23:48.043, 2625, 8001, 25.35, 57
2026/09/09 01:23:48.053, 2625, 8001, 25.35, 57
2026/09/09 01:23:48.063, 2625, 8001, 25.35, 57
2026/09/09 01:23:48.074, 2625, 8001, 25.35, 57
2026/09/09 01:23:48.084, 2625, 8001, 25.35, 57
2026/09/09 01:23:48.094, 2625, 8001, 25.35, 57
2026/09/09 01:23:48.104, 2625, 8001, 25.35, 57
2026/09/09 01:23:48.114, 2625, 8001, 25.35, 57
2026/09/09 01:23:48.125, 2625, 8001, 25.35, 57
2026/09/09 01:23:48.135, 2625, 8001, 25.35, 57
2026/09/09 01:23:48.145, 2625, 8001, 25.35, 57
2026/09/09 01:23:48.155, 2625, 8001, 25.35, 57
2026/09/09 01:23:48.166, 2625, 8001, 25.35, 57
2026/09/09 01:23:48.176, 2625, 8001, 25.35, 57
2026/09/09 01:23:48.186, 2625, 8001, 25.35, 57
2026/09/09 01:23:48.196, 2625, 8001, 25.35, 57
2026/09/09 01:23:48.206, 2625, 8001, 25.35, 57
2026/09/09 01:23:48.216, 2625, 8001, 25.35, 57
2026/09/09 01:23:48.227, 2625, 8001, 25.35, 57
2026/09/09 01:23:48.237, 2625, 8001, 25.35, 57
2026/09/09 01:23:48.247, 2625, 8001, 25.35, 57
2026/09/09 01:23:48.257, 2625, 8001, 25.35, 57
2026/09/09 01:23:48.268, 2625, 8001, 25.35, 57
2026/09/09 01:23:48.278, 1710, 8001, 25.39, 57
2026/09/09 01:23:48.288, 1710, 8001, 25.39, 57
2026/09/09 01:23:48.298, 1710, 8001, 25.39, 57
2026/09/09 01:23:48.308, 1710, 8001, 25.39, 57
2026/09/09 01:23:48.318, 1710, 8001, 25.39, 57
2026/09/09 01:23:48.329, 1710, 8001, 25.39, 57
2026/09/09 01:23:48.339, 1710, 8001, 25.39, 57
2026/09/09 01:23:48.349, 1710, 8001, 25.39, 57
2026/09/09 01:23:48.359, 1710, 8001, 25.39, 57
2026/09/09 01:23:48.369, 1710, 8001, 25.39, 57
2026/09/09 01:23:48.380, 1710, 8001, 25.39, 57
2026/09/09 01:23:48.390, 1710, 8001, 25.39, 57
2026/09/09 01:23:48.400, 1710, 8001, 25.39, 57
2026/09/09 01:23:48.410, 1710, 8001, 25.39, 57
2026/09/09 01:23:48.420, 1710, 8001, 25.39, 57
2026/09/09 01:23:48.431, 1710, 8001, 25.39, 57
2026/09/09 01:23:48.441, 1710, 8001, 25.39, 57
2026/09/09 01:23:48.451, 1710, 8001, 25.39, 57
2026/09/09 01:23:48.462, 1710, 8001, 25.39, 57
2026/09/09 01:23:48.472, 1710, 8001, 25.39, 57
2026/09/09 01:23:48.482, 1710, 8001, 25.39, 57
2026/09/09 01:23:48.492, 1710, 8001, 25.39, 57
2026/09/09 01:23:48.502, 1710, 8001, 25.39, 57
2026/09/09 01:23:48.513, 1710, 8001, 25.39, 57
2026/09/09 01:23:48.523, 1710, 8001, 25.39, 57
2026/09/09 01:23:48.533, 1710, 8001, 25.39, 57
2026/09/09 01:23:48.544, 1710, 8001, 25.39, 57
2026/09/09 01:23:48.554, 1710, 8001, 25.39, 57
2026/09/09 01:23:48.565, 1710, 8001, 25.39, 57
2026/09/09 01:23:48.575, 1710, 8001, 25.39, 57
2026/09/09 01:23:48.585, 1710, 8001, 25.39, 57
2026/09/09 01:23:48.595, 1710, 8001, 25.39, 57
2026/09/09 01:23:48.606, 1710, 8001, 25.39, 57
2026/09/09 01:23:48.616, 1710, 8001, 25.39, 57
2026/09/09 01:23:48.626, 1710, 8001, 25.39, 57
2026/09/09 01:23:48.636, 1710, 8001, 25.39, 57
2026/09/09 01:23:48.646, 1710, 8001, 25.39, 57
2026/09/09 01:23:48.656, 1710, 8001, 25.39, 57
2026/09/09 01:23:48.666, 1710, 8001, 25.39, 57
2026/09/09 01:23:48.677, 1710, 8001, 25.39, 57
2026/09/09 01:23:48.687, 1710, 8001, 25.39, 57
2026/09/09 01:23:48.697, 1710, 8001, 25.39, 57
2026/09/09 01:23:48.707, 1710, 8001, 25.39, 57
2026/09/09 01:23:48.717, 1710, 8001, 25.39, 57
2026/09/09 01:23:48.728, 1710, 8001, 25.39, 57
2026/09/09 01:23:48.738, 1710, 8001, 25.39, 57
2026/09/09 01:23:48.748, 1710, 8001, 25.39, 57
2026/09/09 01:23:48.758, 1710, 8001, 25.39, 57
2026/09/09 01:23:48.768, 1575, 8001, 25.39, 57
2026/09/09 01:23:48.779, 1575, 8001, 21.51, 56
2026/09/09 01:23:48.789, 1575, 8001, 21.51, 56
2026/09/09 01:23:48.799, 1575, 8001, 21.51, 56
2026/09/09 01:23:48.809, 1575, 8001, 21.51, 56
2026/09/09 01:23:48.819, 1575, 8001, 21.51, 56
2026/09/09 01:23:48.830, 1575, 8001, 21.51, 56
2026/09/09 01:23:48.840, 1575, 8001, 21.51, 56
2026/09/09 01:23:48.850, 1575, 8001, 21.51, 56
2026/09/09 01:23:48.860, 1575, 8001, 21.51, 56
2026/09/09 01:23:48.870, 1575, 8001, 21.51, 56
2026/09/09 01:23:48.881, 1575, 8001, 21.51, 56
2026/09/09 01:23:48.891, 1575, 8001, 21.51, 56
2026/09/09 01:23:48.901, 1575, 8001, 21.51, 56
2026/09/09 01:23:48.911, 1575, 8001, 21.51, 56
2026/09/09 01:23:48.922, 1575, 8001, 21.51, 56
2026/09/09 01:23:48.932, 1575, 8001, 21.51, 56
2026/09/09 01:23:48.942, 1575, 8001, 21.51, 56
2026/09/09 01:23:48.952, 1575, 8001, 21.51, 56
2026/09/09 01:23:48.963, 1575, 8001, 21.51, 56
2026/09/09 01:23:48.973, 1575, 8001, 21.51, 56
2026/09/09 01:23:48.983, 1575, 8001, 21.51, 56
2026/09/09 01:23:48.993, 1575, 8001, 21.51, 56
2026/09/09 01:23:49.003, 1575, 8001, 21.51, 56
2026/09/09 01:23:49.013, 1575, 8001, 21.51, 56
2026/09/09 01:23:49.024, 1575, 8001, 21.51, 56
2026/09/09 01:23:49.034, 1575, 8001, 21.51, 56
2026/09/09 01:23:49.044, 1575, 8001, 21.51, 56
2026/09/09 01:23:49.054, 1575, 8001, 21.51, 56
2026/09/09 01:23:49.064, 1575, 8001, 21.51, 56
2026/09/09 01:23:49.075, 1575, 8001, 21.51, 56
2026/09/09 01:23:49.085, 1575, 8001, 21.51, 56
2026/09/09 01:23:49.095, 1575, 8001, 21.51, 56
2026/09/09 01:23:49.106, 1575, 8001, 21.51, 56
2026/09/09 01:23:49.116, 1575, 8001, 21.51, 56
2026/09/09 01:23:49.126, 1575, 8001, 21.51, 56
2026/09/09 01:23:49.136, 1575, 8001, 21.51, 56
2026/09/09 01:23:49.146, 1575, 8001, 21.51, 56
2026/09/09 01:23:49.156, 1575, 8001, 21.51, 56
2026/09/09 01:23:49.167, 1575, 8001, 21.51, 56
2026/09/09 01:23:49.177, 1575, 8001, 21.51, 56
2026/09/09 01:23:49.187, 1575, 8001, 21.51, 56
2026/09/09 01:23:49.197, 1575, 8001, 21.51, 56
2026/09/09 01:23:49.207, 1575, 8001, 21.51, 56
2026/09/09 01:23:49.218, 1575, 8001, 21.51, 56
2026/09/09 01:23:49.228, 1575, 8001, 21.51, 56
2026/09/09 01:23:49.238, 1575, 8001, 21.51, 56
2026/09/09 01:23:49.248, 1575, 8001, 21.51, 56
2026/09/09 01:23:49.259, 1575, 8001, 21.51, 56
2026/09/09 01:23:49.269, 1350, 8001, 17.31, 56
2026/09/09 01:23:49.279, 1350, 8001, 17.31, 56
2026/09/09 01:23:49.289, 1350, 8001, 17.31, 56
2026/09/09 01:23:49.300, 1350, 8001, 17.31, 56
2026/09/09 01:23:49.310, 1350, 8001, 17.31, 56
2026/09/09 01:23:49.320, 1350, 8001, 17.31, 56
2026/09/09 01:23:49.331, 1350, 8001, 17.31, 56
2026/09/09 01:23:49.341, 1350, 8001, 17.31, 56
2026/09/09 01:23:49.351, 1350, 8001, 17.31, 56
2026/09/09 01:23:49.361, 1350, 8001, 17.31, 56
2026/09/09 01:23:49.372, 1350, 8001, 17.31, 56
2026/09/09 01:23:49.382, 1350, 8001, 17.31, 56
2026/09/09 01:23:49.392, 1350, 8001, 17.31, 56
2026/09/09 01:23:49.402, 1350, 8001, 17.31, 56
2026/09/09 01:23:49.412, 1350, 8001, 17.31, 56
2026/09/09 01:23:49.423, 1350, 8001, 17.31, 56
2026/09/09 01:23:49.433, 1350, 8001, 17.31, 56
2026/09/09 01:23:49.443, 1350, 8001, 17.31, 56
2026/09/09 01:23:49.453, 1350, 8001, 17.31, 56
2026/09/09 01:23:49.464, 1350, 8001, 17.31, 56
2026/09/09 01:23:49.474, 1350, 8001, 17.31, 56
2026/09/09 01:23:49.484, 1350, 8001, 17.31, 56
2026/09/09 01:23:49.495, 1350, 8001, 17.31, 56
2026/09/09 01:23:49.505, 1350, 8001, 17.31, 56
2026/09/09 01:23:49.515, 1350, 8001, 17.31, 56
2026/09/09 01:23:49.525, 1350, 8001, 17.31, 56
2026/09/09 01:23:49.536, 1350, 8001, 17.31, 56
2026/09/09 01:23:49.546, 1350, 8001, 17.31, 56
2026/09/09 01:23:49.556, 1350, 8001, 17.31, 56
2026/09/09 01:23:49.566, 1350, 8001, 17.31, 56
2026/09/09 01:23:49.576, 1350, 8001, 17.31, 56
2026/09/09 01:23:49.587, 1350, 8001, 17.31, 56
2026/09/09 01:23:49.597, 1350, 8001, 17.31, 56
2026/09/09 01:23:49.607, 1350, 8001, 17.31, 56
2026/09/09 01:23:49.617, 1350, 8001, 17.31, 56
2026/09/09 01:23:49.627, 1350, 8001, 17.31, 56
2026/09/09 01:23:49.638, 1350, 8001, 17.31, 56
2026/09/09 01:23:49.648, 1350, 8001, 17.31, 56
2026/09/09 01:23:49.658, 1350, 8001, 17.31, 56
2026/09/09 01:23:49.668, 1350, 8001, 17.31, 56
2026/09/09 01:23:49.678, 1350, 8001, 17.31, 56
2026/09/09 01:23:49.688, 1350, 8001, 17.31, 56
2026/09/09 01:23:49.699, 1350, 8001, 17.31, 56
2026/09/09 01:23:49.709, 1350, 8001, 17.31, 56
2026/09/09 01:23:49.719, 1350, 8001, 17.31, 56
2026/09/09 01:23:49.729, 1350, 8001, 17.31, 56
2026/09/09 01:23:49.740, 1350, 8001, 17.31, 56
2026/09/09 01:23:49.750, 1350, 8001, 17.31, 56
2026/09/09 01:23:49.760, 1350, 8001, 17.31, 56
2026/09/09 01:23:49.770, 1215, 8001, 15.60, 56
2026/09/09 01:23:49.780, 1215, 8001, 15.60, 56
2026/09/09 01:23:49.790, 1215, 8001, 15.60, 56
2026/09/09 01:23:49.800, 1215, 8001, 15.60, 56
2026/09/09 01:23:49.810, 1215, 8001, 15.60, 56
2026/09/09 01:23:49.821, 1215, 8001, 15.60, 56
2026/09/09 01:23:49.831, 1215, 8001, 15.60, 56
2026/09/09 01:23:49.841, 1215, 8001, 15.60, 56
2026/09/09 01:23:49.851, 1215, 8001, 15.60, 56
2026/09/09 01:23:49.861, 1215, 8001, 15.60, 56
2026/09/09 01:23:49.871, 1215, 8001, 15.60, 56
2026/09/09 01:23:49.882, 1215, 8001, 15.60, 56
2026/09/09 01:23:49.892, 1215, 8001, 15.60, 56
2026/09/09 01:23:49.902, 1215, 8001, 15.60, 56
2026/09/09 01:23:49.912, 1215, 8001, 15.60, 56
2026/09/09 01:23:49.922, 1215, 8001, 15.60, 56
2026/09/09 01:23:49.933, 1215, 8001, 15.60, 56
2026/09/09 01:23:49.943, 1215, 8001, 15.60, 56
2026/09/09 01:23:49.953, 1215, 8001, 15.60, 56
2026/09/09 01:23:49.963, 1215, 8001, 15.60, 56
2026/09/09 01:23:49.973, 1215, 8001, 15.60, 56
2026/09/09 01:23:49.984, 1215, 8001, 15.60, 56
2026/09/09 01:23:49.994, 1215, 8001, 15.60, 56
2026/09/09 01:23:50.004, 1215, 8001, 15.60, 56
2026/09/09 01:23:50.014, 1215, 8001, 15.60, 56
2026/09/09 01:23:50.024, 1215, 8001, 15.60, 56
2026/09/09 01:23:50.034, 1215, 8001, 15.60, 56
2026/09/09 01:23:50.044, 1215, 8001, 15.60, 56
2026/09/09 01:23:50.055, 1215, 8001, 15.60, 56
2026/09/09 01:23:50.065, 1215, 8001, 15.60, 56
2026/09/09 01:23:50.075, 1215, 8001, 15.60, 56
2026/09/09 01:23:50.085, 1215, 8001, 15.60, 56
2026/09/09 01:23:50.095, 1215, 8001, 15.60, 56
2026/09/09 01:23:50.105, 1215, 8001, 15.60, 56
2026/09/09 01:23:50.116, 1215, 8001, 15.60, 56
2026/09/09 01:23:50.126, 1215, 8001, 15.60, 56
2026/09/09 01:23:50.136, 1215, 8001, 15.60, 56
2026/09/09 01:23:50.146, 1215, 8001, 15.60, 56
2026/09/09 01:23:50.156, 1215, 8001, 15.60, 56
2026/09/09 01:23:50.166, 1215, 8001, 15.60, 56
2026/09/09 01:23:50.176, 1215, 8001, 15.60, 56
2026/09/09 01:23:50.186, 1215, 8001, 15.60, 56
2026/09/09 01:23:50.197, 1215, 8001, 15.60, 56
2026/09/09 01:23:50.207, 1215, 8001, 15.60, 56
2026/09/09 01:23:50.217, 1215, 8001, 15.60, 56
2026/09/09 01:23:50.227, 1215, 8001, 15.60, 56
2026/09/09 01:23:50.237, 1215, 8001, 15.60, 56
2026/09/09 01:23:50.247, 1215, 8001, 15.60, 56
2026/09/09 01:23:50.257, 1215, 8001, 15.60, 56
2026/09/09 01:23:50.268, 1215, 8001, 15.60, 56
2026/09/09 01:23:50.278, 1050, 810, 15.16, 56
2026/09/09 01:23:50.288, 1050, 810, 15.16, 56
2026/09/09 01:23:50.298, 1050, 810, 15.16, 56
2026/09/09 01:23:50.308, 1050, 810, 15.16, 56
2026/09/09 01:23:50.318, 1050, 810, 15.16, 56
2026/09/09 01:23:50.328, 1050, 810, 15.16, 56
2026/09/09 01:23:50.338, 1050, 810, 15.16, 56
2026/09/09 01:23:50.349, 1050, 810, 15.16, 56
2026/09/09 01:23:50.359, 1050, 810, 15.16, 56
2026/09/09 01:23:50.369, 1050, 810, 15.16, 56
2026/09/09 01:23:50.379, 1050, 810, 15.16, 56
2026/09/09 01:23:50.389, 1050, 810, 15.16, 56
2026/09/09 01:23:50.400, 1050, 810, 15.16, 56
2026/09/09 01:23:50.410, 1050, 810, 15.16, 56
2026/09/09 01:23:50.420, 1050, 810, 15.16, 56
2026/09/09 01:23:50.430, 1050, 810, 15.16, 56
2026/09/09 01:23:50.441, 1050, 810, 15.16, 56
2026/09/09 01:23:50.451, 1050, 810, 15.16, 56
2026/09/09 01:23:50.461, 1050, 810, 15.16, 56
2026/09/09 01:23:50.471, 1050, 810, 15.16, 56
2026/09/09 01:23:50.481, 1050, 810, 15.16, 56
2026/09/09 01:23:50.491, 1050, 810, 15.16, 56
2026/09/09 01:23:50.502, 1050, 810, 15.16, 56
2026/09/09 01:23:50.512, 1050, 810, 15.16, 56
2026/09/09 01:23:50.522, 1050, 810, 15.16, 56
2026/09/09 01:23:50.532, 1050, 810, 15.16, 56
2026/09/09 01:23:50.542, 1050, 810, 15.16, 56
2026/09/09 01:23:50.553, 1050, 810, 15.16, 56
2026/09/09 01:23:50.563, 1050, 810, 15.16, 56
2026/09/09 01:23:50.573, 1050, 810, 15.16, 56
2026/09/09 01:23:50.583, 1050, 810, 15.16, 56
2026/09/09 01:23:50.593, 1050, 810, 15.16, 56
2026/09/09 01:23:50.604, 1050, 810, 15.16, 56
2026/09/09 01:23:50.614, 1050, 810, 15.16, 56
2026/09/09 01:23:50.624, 1050, 810, 15.16, 56
2026/09/09 01:23:50.636, 1050, 810, 15.16, 56
2026/09/09 01:23:50.646, 1050, 810, 15.16, 56
2026/09/09 01:23:50.656, 1050, 810, 15.16, 56
2026/09/09 01:23:50.666, 1050, 810, 15.16, 56
2026/09/09 01:23:50.676, 1050, 810, 15.16, 56
2026/09/09 01:23:50.686, 1050, 810, 15.16, 56
2026/09/09 01:23:50.696, 1050, 810, 15.16, 56
2026/09/09 01:23:50.707, 1050, 810, 15.16, 56
2026/09/09 01:23:50.717, 1050, 810, 15.16, 56
2026/09/09 01:23:50.727, 1050, 810, 15.16, 56
2026/09/09 01:23:50.737, 1050, 810, 15.16, 56
2026/09/09 01:23:50.748, 1050, 810, 15.16, 56
2026/09/09 01:23:50.758, 1050, 810, 15.16, 56
2026/09/09 01:23:50.768, 1050, 810, 15.16, 56
2026/09/09 01:23:50.779, 1095, 8001, 14.08, 56
2026/09/09 01:23:50.789, 1095, 8001, 14.08, 56
2026/09/09 01:23:50.799, 1095, 8001, 14.08, 56
2026/09/09 01:23:50.809, 1095, 8001, 14.08, 56
2026/09/09 01:23:50.819, 1095, 8001, 14.08, 56
2026/09/09 01:23:50.830, 1095, 8001, 14.08, 56
2026/09/09 01:23:50.840, 1095, 8001, 14.08, 56
2026/09/09 01:23:50.850, 1095, 8001, 14.08, 56
2026/09/09 01:23:50.860, 1095, 8001, 14.08, 56
2026/09/09 01:23:50.870, 1095, 8001, 14.08, 56
2026/09/09 01:23:50.881, 1095, 8001, 14.08, 56
2026/09/09 01:23:50.891, 1095, 8001, 14.08, 56
2026/09/09 01:23:50.901, 1095, 8001, 14.08, 56
2026/09/09 01:23:50.911, 1095, 8001, 14.08, 56
2026/09/09 01:23:50.921, 1095, 8001, 14.08, 56
2026/09/09 01:23:50.932, 1095, 8001, 14.08, 56
2026/09/09 01:23:50.942, 1095, 8001, 14.08, 56
2026/09/09 01:23:50.952, 1095, 8001, 14.08, 56
2026/09/09 01:23:50.962, 1095, 8001, 14.08, 56
2026/09/09 01:23:50.972, 1095, 8001, 14.08, 56
2026/09/09 01:23:50.983, 1095, 8001, 14.08, 56
2026/09/09 01:23:50.993, 1095, 8001, 14.08, 56
2026/09/09 01:23:51.003, 1095, 8001, 14.08, 56
2026/09/09 01:23:51.014, 1095, 8001, 14.08, 56
2026/09/09 01:23:51.024, 1095, 8001, 14.08, 56
2026/09/09 01:23:51.034, 1095, 8001, 14.08, 56
2026/09/09 01:23:51.044, 1095, 8001, 14.08, 56
2026/09/09 01:23:51.054, 1095, 8001, 14.08, 56
2026/09/09 01:23:51.065, 1095, 8001, 14.08, 56
2026/09/09 01:23:51.075, 1095, 8001, 14.08, 56
2026/09/09 01:23:51.085, 1095, 8001, 14.08, 56
2026/09/09 01:23:51.095, 1095, 8001, 14.08, 56
2026/09/09 01:23:51.105, 1095, 8001, 14.08, 56
2026/09/09 01:23:51.116, 1095, 8001, 14.08, 56
2026/09/09 01:23:51.126, 1095, 8001, 14.08, 56
2026/09/09 01:23:51.136, 1095, 8001, 14.08, 56
2026/09/09 01:23:51.147, 1095, 8001, 14.08, 56
2026/09/09 01:23:51.157, 1095, 8001, 14.08, 56
2026/09/09 01:23:51.168, 1095, 8001, 14.08, 56
2026/09/09 01:23:51.178, 1095, 8001, 14.08, 56
2026/09/09 01:23:51.188, 1095, 8001, 14.08, 56
2026/09/09 01:23:51.199, 1095, 8001, 14.08, 56
2026/09/09 01:23:51.209, 1095, 8001, 14.08, 56
2026/09/09 01:23:51.219, 1095, 8001, 14.08, 56
2026/09/09 01:23:51.229, 1095, 8001, 14.08, 56
2026/09/09 01:23:51.240, 1095, 8001, 14.08, 56
2026/09/09 01:23:51.250, 1095, 8001, 14.08, 56
2026/09/09 01:23:51.260, 1095, 8001, 14.08, 56
2026/09/09 01:23:51.270, 1095, 8001, 14.05, 55
2026/09/09 01:23:51.280, 1095, 8001, 14.05, 55
2026/09/09 01:23:51.290, 1095, 8001, 14.05, 55
2026/09/09 01:23:51.300, 1095, 8001, 14.05, 55
2026/09/09 01:23:51.311, 1095, 8001, 14.05, 55
2026/09/09 01:23:51.321, 1095, 8001, 14.05, 55
2026/09/09 01:23:51.331, 1095, 8001, 14.05, 55
2026/09/09 01:23:51.341, 1095, 8001, 14.05, 55
2026/09/09 01:23:51.351, 1095, 8001, 14.05, 55
2026/09/09 01:23:51.361, 1095, 8001, 14.05, 55
2026/09/09 01:23:51.371, 1095, 8001, 14.05, 55
2026/09/09 01:23:51.381, 1095, 8001, 14.05, 55
2026/09/09 01:23:51.391, 1095, 8001, 14.05, 55
2026/09/09 01:23:51.402, 1095, 8001, 14.05, 55
2026/09/09 01:23:51.412, 1095, 8001, 14.05, 55
2026/09/09 01:23:51.422, 1095, 8001, 14.05, 55
2026/09/09 01:23:51.432, 1095, 8001, 14.05, 55
2026/09/09 01:23:51.442, 1095, 8001, 14.05, 55
2026/09/09 01:23:51.452, 1095, 8001, 14.05, 55
2026/09/09 01:23:51.463, 1095, 8001, 14.05, 55
2026/09/09 01:23:51.473, 1095, 8001, 14.05, 55
2026/09/09 01:23:51.483, 1095, 8001, 14.05, 55
2026/09/09 01:23:51.493, 1095, 8001, 14.05, 55
2026/09/09 01:23:51.503, 1095, 8001, 14.05, 55
2026/09/09 01:23:51.513, 1095, 8001, 14.05, 55
2026/09/09 01:23:51.524, 1095, 8001, 14.05, 55
2026/09/09 01:23:51.534, 1095, 8001, 14.05, 55
2026/09/09 01:23:51.544, 1095, 8001, 14.05, 55
2026/09/09 01:23:51.554, 1095, 8001, 14.05, 55
2026/09/09 01:23:51.564, 1095, 8001, 14.05, 55
2026/09/09 01:23:51.574, 1095, 8001, 14.05, 55
2026/09/09 01:23:51.585, 1095, 8001, 14.05, 55
2026/09/09 01:23:51.595, 1095, 8001, 14.05, 55
2026/09/09 01:23:51.605, 1095, 8001, 14.05, 55
2026/09/09 01:23:51.615, 1095, 8001, 14.05, 55
2026/09/09 01:23:51.625, 1095, 8001, 14.05, 55
2026/09/09 01:23:51.635, 1095, 8001, 14.05, 55
2026/09/09 01:23:51.646, 1095, 8001, 14.05, 55
2026/09/09 01:23:51.656, 1095, 8001, 14.05, 55
2026/09/09 01:23:51.666, 1095, 8001, 14.05, 55
2026/09/09 01:23:51.676, 1095, 8001, 14.05, 55
2026/09/09 01:23:51.686, 1095, 8001, 14.05, 55
2026/09/09 01:23:51.696, 1095, 8001, 14.05, 55
2026/09/09 01:23:51.707, 1095, 8001, 14.05, 55
2026/09/09 01:23:51.717, 1095, 8001, 14.05, 55
2026/09/09 01:23:51.727, 1095, 8001, 14.05, 55
2026/09/09 01:23:51.737, 1095, 8001, 14.05, 55
2026/09/09 01:23:51.748, 1095, 8001, 14.05, 55
2026/09/09 01:23:51.758, 1095, 8001, 14.05, 55
2026/09/09 01:23:51.768, 1095, 8001, 14.05, 55
2026/09/09 01:23:51.778, 1095, 8001, 14.98, 55
2026/09/09 01:23:51.788, 1095, 8001, 14.98, 55
2026/09/09 01:23:51.799, 1095, 8001, 14.98, 55
2026/09/09 01:23:51.809, 1095, 8001, 14.98, 55
2026/09/09 01:23:51.819, 1095, 8001, 14.98, 55
2026/09/09 01:23:51.830, 1095, 8001, 14.98, 55
2026/09/09 01:23:51.840, 1095, 8001, 14.98, 55
2026/09/09 01:23:51.850, 1095, 8001, 14.98, 55
2026/09/09 01:23:51.860, 1095, 8001, 14.98, 55
2026/09/09 01:23:51.870, 1095, 8001, 14.98, 55
2026/09/09 01:23:51.881, 1095, 8001, 14.98, 55
2026/09/09 01:23:51.891, 1095, 8001, 14.98, 55
2026/09/09 01:23:51.901, 1095, 8001, 14.98, 55
2026/09/09 01:23:51.911, 1095, 8001, 14.98, 55
2026/09/09 01:23:51.921, 1095, 8001, 14.98, 55
2026/09/09 01:23:51.931, 1095, 8001, 14.98, 55
2026/09/09 01:23:51.942, 1095, 8001, 14.98, 55
2026/09/09 01:23:51.952, 1095, 8001, 14.98, 55
2026/09/09 01:23:51.962, 1095, 8001, 14.98, 55
2026/09/09 01:23:51.972, 1095, 8001, 14.98, 55
2026/09/09 01:23:51.982, 1095, 8001, 14.98, 55
2026/09/09 01:23:51.992, 1095, 8001, 14.98, 55
2026/09/09 01:23:52.003, 1095, 8001, 14.98, 55
2026/09/09 01:23:52.013, 1095, 8001, 14.98, 55
2026/09/09 01:23:52.023, 1095, 8001, 14.98, 55
2026/09/09 01:23:52.033, 1095, 8001, 14.98, 55
2026/09/09 01:23:52.043, 1095, 8001, 14.98, 55
2026/09/09 01:23:52.054, 1095, 8001, 14.98, 55
2026/09/09 01:23:52.064, 1095, 8001, 14.98, 55
2026/09/09 01:23:52.074, 1095, 8001, 14.98, 55
2026/09/09 01:23:52.084, 1095, 8001, 14.98, 55
2026/09/09 01:23:52.094, 1095, 8001, 14.98, 55
2026/09/09 01:23:52.104, 1095, 8001, 14.98, 55
2026/09/09 01:23:52.114, 1095, 8001, 14.98, 55
2026/09/09 01:23:52.124, 1095, 8001, 14.98, 55
2026/09/09 01:23:52.138, 1095, 8001, 14.98, 55
2026/09/09 01:23:52.148, 1095, 8001, 14.98, 55
2026/09/09 01:23:52.158, 1095, 8001, 14.98, 55
2026/09/09 01:23:52.168, 1095, 8001, 14.98, 55
2026/09/09 01:23:52.178, 1095, 8001, 14.98, 55
2026/09/09 01:23:52.188, 1095, 8001, 14.98, 55
2026/09/09 01:23:52.198, 1095, 8001, 14.98, 55
2026/09/09 01:23:52.208, 1095, 8001, 14.98, 55
2026/09/09 01:23:52.219, 1095, 8001, 14.98, 55
2026/09/09 01:23:52.229, 1095, 8001, 14.98, 55
2026/09/09 01:23:52.239, 1095, 8001, 14.98, 55
2026/09/09 01:23:52.249, 1095, 8001, 14.98, 55
2026/09/09 01:23:52.259, 1095, 8001, 14.98, 55
2026/09/09 01:23:52.269, 615, 810, 14.98, 55
2026/09/09 01:23:52.279, 615, 810, 14.95, 55
2026/09/09 01:23:52.289, 615, 810, 14.95, 55
2026/09/09 01:23:52.299, 615, 810, 14.95, 55
2026/09/09 01:23:52.310, 615, 810, 14.95, 55
2026/09/09 01:23:52.320, 615, 810, 14.95, 55
2026/09/09 01:23:52.330, 615, 810, 14.95, 55
2026/09/09 01:23:52.340, 615, 810, 14.95, 55
2026/09/09 01:23:52.350, 615, 810, 14.95, 55
2026/09/09 01:23:52.360, 615, 810, 14.95, 55
2026/09/09 01:23:52.370, 615, 810, 14.95, 55
2026/09/09 01:23:52.380, 615, 810, 14.95, 55
2026/09/09 01:23:52.391, 615, 810, 14.95, 55
2026/09/09 01:23:52.401, 615, 810, 14.95, 55
2026/09/09 01:23:52.411, 615, 810, 14.95, 55
2026/09/09 01:23:52.421, 615, 810, 14.95, 55
2026/09/09 01:23:52.431, 615, 810, 14.95, 55
2026/09/09 01:23:52.441, 615, 810, 14.95, 55
2026/09/09 01:23:52.452, 615, 810, 14.95, 55
2026/09/09 01:23:52.462, 615, 810, 14.95, 55
2026/09/09 01:23:52.472, 615, 810, 14.95, 55
2026/09/09 01:23:52.482, 615, 810, 14.95, 55
2026/09/09 01:23:52.492, 615, 810, 14.95, 55
2026/09/09 01:23:52.502, 615, 810, 14.95, 55
2026/09/09 01:23:52.512, 615, 810, 14.95, 55
2026/09/09 01:23:52.523, 615, 810, 14.95, 55
2026/09/09 01:23:52.533, 615, 810, 14.95, 55
2026/09/09 01:23:52.543, 615, 810, 14.95, 55
2026/09/09 01:23:52.553, 615, 810, 14.95, 55
2026/09/09 01:23:52.563, 615, 810, 14.95, 55
2026/09/09 01:23:52.573, 615, 810, 14.95, 55
2026/09/09 01:23:52.583, 615, 810, 14.95, 55
2026/09/09 01:23:52.594, 615, 810, 14.95, 55
2026/09/09 01:23:52.604, 615, 810, 14.95, 55
2026/09/09 01:23:52.614, 615, 810, 14.95, 55
2026/09/09 01:23:52.624, 615, 810, 14.95, 55
2026/09/09 01:23:52.634, 615, 810, 14.95, 55
2026/09/09 01:23:52.644, 615, 810, 14.95, 55
2026/09/09 01:23:52.654, 615, 810, 14.95, 55
2026/09/09 01:23:52.664, 615, 810, 14.95, 55
2026/09/09 01:23:52.674, 615, 810, 14.95, 55
2026/09/09 01:23:52.685, 615, 810, 14.95, 55
2026/09/09 01:23:52.695, 615, 810, 14.95, 55
2026/09/09 01:23:52.705, 615, 810, 14.95, 55
2026/09/09 01:23:52.715, 615, 810, 14.95, 55
2026/09/09 01:23:52.725, 615, 810, 14.95, 55
2026/09/09 01:23:52.735, 615, 810, 14.95, 55
2026/09/09 01:23:52.745, 615, 810, 14.95, 55
2026/09/09 01:23:52.755, 615, 810, 14.95, 55
2026/09/09 01:23:52.765, 615, 810, 14.95, 55
2026/09/09 01:23:52.775, 1005, 810, 12.75, 55
2026/09/09 01:23:52.786, 1005, 810, 12.75, 55
2026/09/09 01:23:52.796, 1005, 810, 12.75, 55
2026/09/09 01:23:52.806, 1005, 810, 12.75, 55
2026/09/09 01:23:52.816, 1005, 810, 12.75, 55
2026/09/09 01:23:52.826, 1005, 810, 12.75, 55
2026/09/09 01:23:52.836, 1005, 810, 12.75, 55
2026/09/09 01:23:52.846, 1005, 810, 12.75, 55
2026/09/09 01:23:52.856, 1005, 810, 12.75, 55
2026/09/09 01:23:52.867, 1005, 810, 12.75, 55
2026/09/09 01:23:52.877, 1005, 810, 12.75, 55
2026/09/09 01:23:52.887, 1005, 810, 12.75, 55
2026/09/09 01:23:52.897, 1005, 810, 12.75, 55
2026/09/09 01:23:52.907, 1005, 810, 12.75, 55
2026/09/09 01:23:52.917, 1005, 810, 12.75, 55
2026/09/09 01:23:52.928, 1005, 810, 12.75, 55
2026/09/09 01:23:52.938, 1005, 810, 12.75, 55
2026/09/09 01:23:52.948, 1005, 810, 12.75, 55
2026/09/09 01:23:52.958, 1005, 810, 12.75, 55
2026/09/09 01:23:52.968, 1005, 810, 12.75, 55
2026/09/09 01:23:52.978, 1005, 810, 12.75, 55
2026/09/09 01:23:52.989, 1005, 810, 12.75, 55
2026/09/09 01:23:52.999, 1005, 810, 12.75, 55
2026/09/09 01:23:53.009, 1005, 810, 12.75, 55
2026/09/09 01:23:53.019, 1005, 810, 12.75, 55
2026/09/09 01:23:53.030, 1005, 810, 12.75, 55
2026/09/09 01:23:53.040, 1005, 810, 12.75, 55
2026/09/09 01:23:53.050, 1005, 810, 12.75, 55
2026/09/09 01:23:53.060, 1005, 810, 12.75, 55
2026/09/09 01:23:53.070, 1005, 810, 12.75, 55
2026/09/09 01:23:53.080, 1005, 810, 12.75, 55
2026/09/09 01:23:53.090, 1005, 810, 12.75, 55
2026/09/09 01:23:53.101, 1005, 810, 12.75, 55
2026/09/09 01:23:53.111, 1005, 810, 12.75, 55
2026/09/09 01:23:53.121, 1005, 810, 12.75, 55
2026/09/09 01:23:53.135, 1005, 810, 12.75, 55
2026/09/09 01:23:53.145, 1005, 810, 12.75, 55
2026/09/09 01:23:53.155, 1005, 810, 12.75, 55
2026/09/09 01:23:53.165, 1005, 810, 12.75, 55
2026/09/09 01:23:53.176, 1005, 810, 12.75, 55
2026/09/09 01:23:53.186, 1005, 810, 12.75, 55
2026/09/09 01:23:53.196, 1005, 810, 12.75, 55
2026/09/09 01:23:53.206, 1005, 810, 12.75, 55
2026/09/09 01:23:53.216, 1005, 810, 12.75, 55
2026/09/09 01:23:53.226, 1005, 810, 12.75, 55
2026/09/09 01:23:53.236, 1005, 810, 12.75, 55
2026/09/09 01:23:53.246, 1005, 810, 12.75, 55
2026/09/09 01:23:53.257, 1005, 810, 12.75, 55
2026/09/09 01:23:53.267, 1005, 810, 12.75, 55
2026/09/09 01:23:53.277, 1140, 8001, 11.19, 55
2026/09/09 01:23:53.287, 1140, 8001, 11.19, 55
2026/09/09 01:23:53.298, 1140, 8001, 11.19, 55
2026/09/09 01:23:53.308, 1140, 8001, 11.19, 55
2026/09/09 01:23:53.318, 1140, 8001, 11.19, 55
2026/09/09 01:23:53.328, 1140, 8001, 11.19, 55
2026/09/09 01:23:53.339, 1140, 8001, 11.19, 55
2026/09/09 01:23:53.349, 1140, 8001, 11.19, 55
2026/09/09 01:23:53.359, 1140, 8001, 11.19, 55
2026/09/09 01:23:53.369, 1140, 8001, 11.19, 55
2026/09/09 01:23:53.379, 1140, 8001, 11.19, 55
2026/09/09 01:23:53.390, 1140, 8001, 11.19, 55
2026/09/09 01:23:53.400, 1140, 8001, 11.19, 55
2026/09/09 01:23:53.410, 1140, 8001, 11.19, 55
2026/09/09 01:23:53.420, 1140, 8001, 11.19, 55
2026/09/09 01:23:53.430, 1140, 8001, 11.19, 55
2026/09/09 01:23:53.441, 1140, 8001, 11.19, 55
2026/09/09 01:23:53.451, 1140, 8001, 11.19, 55
2026/09/09 01:23:53.461, 1140, 8001, 11.19, 55
2026/09/09 01:23:53.471, 1140, 8001, 11.19, 55
2026/09/09 01:23:53.481, 1140, 8001, 11.19, 55
2026/09/09 01:23:53.491, 1140, 8001, 11.19, 55
2026/09/09 01:23:53.501, 1140, 8001, 11.19, 55
2026/09/09 01:23:53.512, 1140, 8001, 11.19, 55
2026/09/09 01:23:53.522, 1140, 8001, 11.19, 55
2026/09/09 01:23:53.532, 1140, 8001, 11.19, 55
2026/09/09 01:23:53.542, 1140, 8001, 11.19, 55
2026/09/09 01:23:53.552, 1140, 8001, 11.19, 55
2026/09/09 01:23:53.562, 1140, 8001, 11.19, 55
2026/09/09 01:23:53.573, 1140, 8001, 11.19, 55
2026/09/09 01:23:53.583, 1140, 8001, 11.19, 55
2026/09/09 01:23:53.593, 1140, 8001, 11.19, 55
2026/09/09 01:23:53.603, 1140, 8001, 11.19, 55
2026/09/09 01:23:53.613, 1140, 8001, 11.19, 55
2026/09/09 01:23:53.624, 1140, 8001, 11.19, 55
2026/09/09 01:23:53.635, 1140, 8001, 11.19, 55
2026/09/09 01:23:53.645, 1140, 8001, 11.19, 55
2026/09/09 01:23:53.655, 1140, 8001, 11.19, 55
2026/09/09 01:23:53.665, 1140, 8001, 11.19, 55
2026/09/09 01:23:53.675, 1140, 8001, 11.19, 55
2026/09/09 01:23:53.685, 1140, 8001, 11.19, 55
2026/09/09 01:23:53.696, 1140, 8001, 11.19, 55
2026/09/09 01:23:53.706, 1140, 8001, 11.19, 55
2026/09/09 01:23:53.716, 1140, 8001, 11.19, 55
2026/09/09 01:23:53.726, 1140, 8001, 11.19, 55
2026/09/09 01:23:53.736, 1140, 8001, 11.19, 55
2026/09/09 01:23:53.746, 1140, 8001, 11.19, 55
2026/09/09 01:23:53.757, 1140, 8001, 11.19, 55
2026/09/09 01:23:53.767, 1140, 8001, 11.19, 55
2026/09/09 01:23:53.777, 1140, 7001, 13.21, 55
2026/09/09 01:23:53.787, 1140, 7001, 13.21, 55
2026/09/09 01:23:53.797, 1140, 7001, 13.21, 55
2026/09/09 01:23:53.807, 1140, 7001, 13.21, 55
2026/09/09 01:23:53.818, 1140, 7001, 13.21, 55
2026/09/09 01:23:53.828, 1140, 7001, 13.21, 55
2026/09/09 01:23:53.838, 1140, 7001, 13.21, 55
2026/09/09 01:23:53.848, 1140, 7001, 13.21, 55
2026/09/09 01:23:53.858, 1140, 7001, 13.21, 55
2026/09/09 01:23:53.869, 1140, 7001, 13.21, 55
2026/09/09 01:23:53.879, 1140, 7001, 13.21, 55
2026/09/09 01:23:53.889, 1140, 7001, 13.21, 55
2026/09/09 01:23:53.899, 1140, 7001, 13.21, 55
2026/09/09 01:23:53.909, 1140, 7001, 13.21, 55
2026/09/09 01:23:53.919, 1140, 7001, 13.21, 55
2026/09/09 01:23:53.930, 1140, 7001, 13.21, 55
2026/09/09 01:23:53.940, 1140, 7001, 13.21, 55
2026/09/09 01:23:53.950, 1140, 7001, 13.21, 55
2026/09/09 01:23:53.960, 1140, 7001, 13.21, 55
2026/09/09 01:23:53.971, 1140, 7001, 13.21, 55
2026/09/09 01:23:53.981, 1140, 7001, 13.21, 55
2026/09/09 01:23:53.991, 1140, 7001, 13.21, 55
2026/09/09 01:23:54.002, 1140, 7001, 13.21, 55
2026/09/09 01:23:54.012, 1140, 7001, 13.21, 55
2026/09/09 01:23:54.022, 1140, 7001, 13.21, 55
2026/09/09 01:23:54.032, 1140, 7001, 13.21, 55
2026/09/09 01:23:54.042, 1140, 7001, 13.21, 55
2026/09/09 01:23:54.052, 1140, 7001, 13.21, 55
2026/09/09 01:23:54.063, 1140, 7001, 13.21, 55
2026/09/09 01:23:54.073, 1140, 7001, 13.21, 55
2026/09/09 01:23:54.083, 1140, 7001, 13.21, 55
2026/09/09 01:23:54.093, 1140, 7001, 13.21, 55
2026/09/09 01:23:54.103, 1140, 7001, 13.21, 55
2026/09/09 01:23:54.114, 1140, 7001, 13.21, 55
2026/09/09 01:23:54.124, 1140, 7001, 13.21, 55
2026/09/09 01:23:54.136, 1140, 7001, 13.21, 55
2026/09/09 01:23:54.146, 1140, 7001, 13.21, 55
2026/09/09 01:23:54.156, 1140, 7001, 13.21, 55
2026/09/09 01:23:54.166, 1140, 7001, 13.21, 55
2026/09/09 01:23:54.176, 1140, 7001, 13.21, 55
2026/09/09 01:23:54.187, 1140, 7001, 13.21, 55
2026/09/09 01:23:54.197, 1140, 7001, 13.21, 55
2026/09/09 01:23:54.207, 1140, 7001, 13.21, 55
2026/09/09 01:23:54.217, 1140, 7001, 13.21, 55
2026/09/09 01:23:54.227, 1140, 7001, 13.21, 55
2026/09/09 01:23:54.238, 1140, 7001, 13.21, 55
2026/09/09 01:23:54.248, 1140, 7001, 13.21, 55
2026/09/09 01:23:54.258, 1140, 7001, 13.21, 55
2026/09/09 01:23:54.269, 1140, 8001, 13.21, 55
2026/09/09 01:23:54.279, 1140, 8001, 14.32, 55
2026/09/09 01:23:54.289, 1140, 8001, 14.32, 55
2026/09/09 01:23:54.300, 1140, 8001, 14.32, 55
2026/09/09 01:23:54.310, 1140, 8001, 14.32, 55
2026/09/09 01:23:54.320, 1140, 8001, 14.32, 55
2026/09/09 01:23:54.330, 1140, 8001, 14.32, 55
2026/09/09 01:23:54.341, 1140, 8001, 14.32, 55
2026/09/09 01:23:54.351, 1140, 8001, 14.32, 55
2026/09/09 01:23:54.361, 1140, 8001, 14.32, 55
2026/09/09 01:23:54.371, 1140, 8001, 14.32, 55
2026/09/09 01:23:54.381, 1140, 8001, 14.32, 55
2026/09/09 01:23:54.392, 1140, 8001, 14.32, 55
2026/09/09 01:23:54.402, 1140, 8001, 14.32, 55
2026/09/09 01:23:54.412, 1140, 8001, 14.32, 55
2026/09/09 01:23:54.422, 1140, 8001, 14.32, 55
2026/09/09 01:23:54.433, 1140, 8001, 14.32, 55
2026/09/09 01:23:54.443, 1140, 8001, 14.32, 55
2026/09/09 01:23:54.453, 1140, 8001, 14.32, 55
2026/09/09 01:23:54.463, 1140, 8001, 14.32, 55
2026/09/09 01:23:54.473, 1140, 8001, 14.32, 55
2026/09/09 01:23:54.483, 1140, 8001, 14.32, 55
2026/09/09 01:23:54.494, 1140, 8001, 14.32, 55
2026/09/09 01:23:54.504, 1140, 8001, 14.32, 55
2026/09/09 01:23:54.514, 1140, 8001, 14.32, 55
2026/09/09 01:23:54.524, 1140, 8001, 14.32, 55
2026/09/09 01:23:54.534, 1140, 8001, 14.32, 55
2026/09/09 01:23:54.544, 1140, 8001, 14.32, 55
2026/09/09 01:23:54.555, 1140, 8001, 14.32, 55
2026/09/09 01:23:54.565, 1140, 8001, 14.32, 55
2026/09/09 01:23:54.575, 1140, 8001, 14.32, 55
2026/09/09 01:23:54.585, 1140, 8001, 14.32, 55
2026/09/09 01:23:54.595, 1140, 8001, 14.32, 55
2026/09/09 01:23:54.605, 1140, 8001, 14.32, 55
2026/09/09 01:23:54.616, 1140, 8001, 14.32, 55
2026/09/09 01:23:54.626, 1140, 8001, 14.32, 55
2026/09/09 01:23:54.638, 1140, 8001, 14.32, 55
2026/09/09 01:23:54.648, 1140, 8001, 14.32, 55
2026/09/09 01:23:54.658, 1140, 8001, 14.32, 55
2026/09/09 01:23:54.668, 1140, 8001, 14.32, 55
2026/09/09 01:23:54.678, 1140, 8001, 14.32, 55
2026/09/09 01:23:54.688, 1140, 8001, 14.32, 55
2026/09/09 01:23:54.698, 1140, 8001, 14.32, 55
2026/09/09 01:23:54.709, 1140, 8001, 14.32, 55
2026/09/09 01:23:54.719, 1140, 8001, 14.32, 55
2026/09/09 01:23:54.729, 1140, 8001, 14.32, 55
2026/09/09 01:23:54.740, 1140, 8001, 14.32, 55
2026/09/09 01:23:54.750, 1140, 8001, 14.32, 55
2026/09/09 01:23:54.760, 1140, 8001, 14.32, 55
2026/09/09 01:23:54.770, 1140, 8001, 14.03, 55
2026/09/09 01:23:54.781, 1140, 8001, 14.03, 55
2026/09/09 01:23:54.791, 1140, 8001, 14.03, 55
2026/09/09 01:23:54.801, 1140, 8001, 14.03, 55
2026/09/09 01:23:54.811, 1140, 8001, 14.03, 55
2026/09/09 01:23:54.821, 1140, 8001, 14.03, 55
2026/09/09 01:23:54.832, 1140, 8001, 14.03, 55
2026/09/09 01:23:54.842, 1140, 8001, 14.03, 55
2026/09/09 01:23:54.852, 1140, 8001, 14.03, 55
2026/09/09 01:23:54.862, 1140, 8001, 14.03, 55
2026/09/09 01:23:54.872, 1140, 8001, 14.03, 55
2026/09/09 01:23:54.882, 1140, 8001, 14.03, 55
2026/09/09 01:23:54.892, 1140, 8001, 14.03, 55
2026/09/09 01:23:54.903, 1140, 8001, 14.03, 55
2026/09/09 01:23:54.913, 1140, 8001, 14.03, 55
2026/09/09 01:23:54.924, 1140, 8001, 14.03, 55
2026/09/09 01:23:54.934, 1140, 8001, 14.03, 55
2026/09/09 01:23:54.944, 1140, 8001, 14.03, 55
2026/09/09 01:23:54.954, 1140, 8001, 14.03, 55
2026/09/09 01:23:54.964, 1140, 8001, 14.03, 55
2026/09/09 01:23:54.974, 1140, 8001, 14.03, 55
2026/09/09 01:23:54.984, 1140, 8001, 14.03, 55
2026/09/09 01:23:54.995, 1140, 8001, 14.03, 55
2026/09/09 01:23:55.005, 1140, 8001, 14.03, 55
2026/09/09 01:23:55.015, 1140, 8001, 14.03, 55
2026/09/09 01:23:55.025, 1140, 8001, 14.03, 55
