resource,duration_ms,run,n_samples,median,p95,p99,mean,gt1_1,gt1_2,gt1_5,max
Memory,25,experiment0_25ms_run3.csv,41,0.9602763358230534,1.3316062378125229,1.7820380180176125,1.0177437611693352,0.07317073170731707,0.07317073170731707,0.04878048780487805,1.7841104962112369
Memory,25,experiment0_25ms_run3.csv,100,1.0,1.03799653323677,1.041468063036386,1.0006789994032428,0.0,0.0,0.0,1.0431779209973906
Memory,5,experiment0_5ms_run5.csv,9,0.9568965242038863,1.3203448638920374,1.4461379636467937,1.0229885255131956,0.1111111111111111,0.1111111111111111,0.0,1.4775862385854828
Memory,5,experiment0_5ms_run5.csv,100,0.9966325371650396,1.0362068717834976,1.0414138090674006,0.9975134908912108,0.0,0.0,0.0,1.0448276272201997
Memory,5,experiment0_5ms_run2.csv,8,0.99344008730381,1.4263207603237524,1.4684080755241282,1.0949437273863998,0.25,0.25,0.0,1.478929904324222
Memory,5,experiment0_5ms_run2.csv,100,1.0003509274726838,1.0401749168550098,1.0452890134760442,0.9997133152323369,0.0,0.0,0.0,1.0469994698028255
Memory,100,experiment0_100ms_run4.csv,100,0.9602763358230534,1.3379966040755022,1.7791365542811024,1.0099827459954887,0.07,0.07,0.04,1.7996546561198254
Memory,100,experiment0_100ms_run4.csv,100,1.0012683531665338,1.038082889699447,1.0414507917438505,1.0005894077525253,0.0,0.0,0.0,1.0414507917438505
Memory,50,experiment0_50ms_run4.csv,83,0.9603281313719556,1.349295636528665,1.7765035171042185,1.0134970606265583,0.07228915662650602,0.07228915662650602,0.04819277108433735,1.7807524787046145
Memory,50,experiment0_50ms_run4.csv,100,1.0017271709665452,1.038125389942925,1.043268732537511,1.001896138501793,0.0,0.0,0.0,1.0466886312428814
Memory,50,experiment0_50ms_run1.csv,81,0.9724137843132244,1.3913792853095268,1.8220690169998521,1.029336290459577,0.08641975308641975,0.08641975308641975,0.04938271604938271,1.8275862988629619
Memory,50,experiment0_50ms_run1.csv,100,1.0,1.0396551746316698,1.0431207189772458,0.9973028162520585,0.0,0.0,0.0,1.0448276272201997
Compute,100,compute_100ms_24b_r3.csv,60,2.7028605139637008,3.542962085265391,3.5929874975745366,2.810317379285488,1.0,1.0,1.0,3.59400843136742
Compute,100,compute_100ms_24b_r3.csv,100,1.0018385224733346,1.0348564328047067,1.046934506462554,1.001299933289709,0.0,0.0,0.0,1.0520736863221984
Memory,25,experiment0_25ms_run2.csv,41,0.9602763358230534,1.3937823748292038,1.8044904992905293,1.0295873988757067,0.0975609756097561,0.0975609756097561,0.04878048780487805,1.8169257462588486
Memory,25,experiment0_25ms_run2.csv,100,1.001511287852624,1.0432642774600676,1.0535405936338058,1.0019640878492375,0.0,0.0,0.0,1.0535405936338058
Memory,5,experiment0_5ms_run4.csv,9,0.9601556847095732,1.3116937791861631,1.442897761534753,1.0237816455616155,0.1111111111111111,0.1111111111111111,0.0,1.4756987571219005
Memory,5,experiment0_5ms_run4.csv,100,0.9999459236619265,1.0380062384611248,1.0449435326575813,0.990699602520838,0.0,0.0,0.0,1.04665625625075
Memory,25,experiment0_25ms_run4.csv,41,0.9602763358230534,1.6787565343354451,1.7730570261831002,1.0249378864181504,0.07317073170731707,0.07317073170731707,0.07317073170731707,1.7875647445984981
Memory,25,experiment0_25ms_run4.csv,100,0.99827287074646,1.0365258702165103,1.0504490301954064,0.9965560540775126,0.0,0.0,0.0,1.086355841994781
Memory,5,experiment0_5ms_run1.csv,7,0.9652795425529318,1.4680104289069011,1.5999772796044758,1.0772804941510394,0.14285714285714285,0.14285714285714285,0.14285714285714285,1.6329689922788697
Memory,5,experiment0_5ms_run1.csv,100,1.0000235649207414,1.035067404140996,1.0517629296039286,0.9968263038100811,0.0,0.0,0.0,1.08924394697157
L2,100,l2_100ms_r1.csv,80,2.0321709979086338,2.389549871446801,2.8032214055638383,2.0985857687735914,1.0,1.0,1.0,2.815502457383378
L2,100,l2_100ms_r1.csv,100,1.0010255814480757,1.0468315095116854,1.051944262678034,1.002513773822118,0.0,0.0,0.0,1.0536543051887455
Memory,10,experiment0_10ms_run1.csv,16,0.9726023673510126,1.5362108191523882,1.5455395211838854,1.050557434346318,0.125,0.125,0.125,1.5478716966917596
Memory,10,experiment0_10ms_run1.csv,100,1.0011337161623652,1.0383350847685062,1.041738355998406,0.9986180051730911,0.0,0.0,0.0,1.0451589027167822
Memory,100,experiment0_100ms_run1.csv,100,0.9755820882854889,1.4540782714942657,1.7698312867978319,1.027406584120294,0.09,0.08,0.04,1.7728238064087192
Memory,100,experiment0_100ms_run1.csv,100,1.000519477923366,1.0354318683586545,1.0488829751663191,0.9986761253934293,0.0,0.0,0.0,1.0488829751663191
Memory,100,experiment0_100ms_run3.csv,100,0.9602763358230534,1.3340242119366013,1.7841968526739138,1.0115371489823801,0.09,0.08,0.03,1.7927461424789375
Memory,100,experiment0_100ms_run3.csv,100,1.0,1.0415371482065274,1.0500863351267256,1.0004760576680243,0.0,0.0,0.0,1.0500863351267256
Memory,10,experiment0_10ms_run4.csv,17,0.9606035755723723,1.3634707541652265,1.4495628589175784,1.020964691288281,0.11764705882352941,0.11764705882352941,0.0,1.4710858851056665
Memory,10,experiment0_10ms_run4.csv,100,1.0002694329297406,1.0366585216335051,1.0434017700486327,0.9984192724187213,0.0,0.0,0.0,1.0451091381888753
Memory,25,experiment0_25ms_run5.csv,41,0.9568965242038863,1.6896552120104418,1.7562068797980452,1.021909165773587,0.07317073170731707,0.07317073170731707,0.07317073170731707,1.784482715308226
Memory,25,experiment0_25ms_run5.csv,100,0.9982758502596423,1.0362930793547018,1.0400080487608843,0.9982968917133205,0.0,0.0,0.0,1.0482758290446637
Memory,100,experiment0_100ms_run2.csv,100,0.9606133239810488,1.346240847591726,1.7866543805846016,1.0176454443246237,0.09,0.09,0.03,1.8054694052061393
Memory,100,experiment0_100ms_run2.csv,100,0.9986231929644925,1.040261304500121,1.0470858564413572,1.0000194540637175,0.0,0.0,0.0,1.055638046212895
L2,100,l2_100ms_r2.csv,94,1.7396551958466484,2.0569827981139923,2.4452758300144914,1.783033774676319,1.0,1.0,1.0,2.474137930686125
L2,100,l2_100ms_r2.csv,100,0.9991918170688553,1.041379326055756,1.0432758915783393,1.0001104689030236,0.0,0.0,0.0,1.0603448873295378
Memory,10,experiment0_10ms_run5.csv,16,0.9619966138041252,1.5657294469177556,1.7555358516620145,1.056208330767853,0.125,0.125,0.0625,1.8029874528480794
Memory,10,experiment0_10ms_run5.csv,100,1.0008913513567594,1.0441941924892404,1.0655258403848535,1.006443602318496,0.01,0.01,0.0,1.3034060043390898
L2,100,l2_100ms_r3.csv,90,1.744386934919116,2.4630398382610066,2.82113993957979,1.8688034265496936,1.0,1.0,0.9888888888888889,2.82728851672018
L2,100,l2_100ms_r3.csv,100,1.0,1.0329016047393202,1.0398100189361208,0.9897625543711519,0.0,0.0,0.0,1.0483593070713746
Memory,10,experiment0_10ms_run2.csv,17,0.9637305943301337,1.3430052271310287,1.4513299168318707,1.0228589107611594,0.11764705882352941,0.11764705882352941,0.0,1.4784110892570812
Memory,10,experiment0_10ms_run2.csv,100,1.0,1.038528154394569,1.0483603857766048,0.9983911124815595,0.0,0.0,0.0,1.0484671775943972
L2,10,l2_10ms_r1.csv,8,1.7884533932717461,2.124582739398267,2.2648144609022998,1.8378173883973727,1.0,1.0,1.0,2.299872391278308
L2,10,l2_10ms_r1.csv,100,0.9986287989486146,1.0337983123182661,1.045534094065218,0.9961057195958903,0.0,0.0,0.0,1.045534094065218
L2,25,l2_25ms_r1.csv,20,1.7927381125356538,2.2975793736522814,2.3136761847536094,1.840771479881333,1.0,1.0,1.0,2.3177003875289413
L2,25,l2_25ms_r1.csv,100,0.9984871289392853,1.0303327944028369,1.0514371654568118,0.994385365002733,0.0,0.0,0.0,1.0514371654568118
Compute,100,compute_100ms_24b_r2.csv,67,2.4659250010463216,3.0833566552634095,3.1748049402612777,2.518282252061211,1.0,1.0,0.9850746268656716,3.212441721001312
Compute,100,compute_100ms_24b_r2.csv,100,1.0005399442188367,1.0420131170780556,1.0472145814295657,0.998123404526454,0.0,0.0,0.0,1.0489253626184916
L2,5,l2_5ms_r1.csv,4,2.0400682004840425,2.377443426437064,2.4245843005774055,2.1205424101825985,1.0,1.0,1.0,2.436369519112491
L2,5,l2_5ms_r1.csv,100,1.0001351648918702,1.0364723314203372,1.0520625916382487,1.000103303240482,0.0,0.0,0.0,1.0537756393668645
Memory,50,experiment0_50ms_run2.csv,82,0.9602763358230534,1.338342040214693,1.7821244616793956,1.0172922406633864,0.08536585365853659,0.08536585365853659,0.036585365853658534,1.8031089045070867
Memory,50,experiment0_50ms_run2.csv,100,0.9998111506860685,1.038169246162124,1.0431779209973906,1.0000761298290797,0.0,0.0,0.0,1.0431779209973906
Compute,50,compute_50ms_24b_r1.csv,34,2.3531952472236766,3.152504325358182,3.2423834596383716,2.4724169645530862,1.0,1.0,0.9705882352941176,3.243523364389118
Compute,50,compute_50ms_24b_r1.csv,100,1.0,1.0414507917438505,1.0496918812664926,0.9960514076680752,0.0,0.0,0.0,1.0587219797077898
Memory,10,experiment0_10ms_run3.csv,16,0.9594127711962832,1.5526770302720132,1.7392055091248424,1.0538644430186181,0.125,0.125,0.0625,1.78583762883805
Memory,10,experiment0_10ms_run3.csv,100,1.0,1.038169246162124,1.0466494491103697,1.0010357580512206,0.0,0.0,0.0,1.0483593070713746
Memory,50,experiment0_50ms_run5.csv,82,0.9617556896013697,1.3549338649022014,1.7787810506447401,1.0187539528270193,0.08536585365853659,0.08536585365853659,0.036585365853658534,1.788588801125782
Memory,50,experiment0_50ms_run5.csv,100,1.0015405500720254,1.036309114190187,1.0482926759960225,1.00185464121088,0.0,0.0,0.0,1.0530554572214421
Memory,100,experiment0_100ms_run5.csv,100,0.961184167366468,1.350325511450132,1.7806802236917565,1.0138591604661191,0.09,0.08,0.03,1.7875259342459786
Memory,100,experiment0_100ms_run5.csv,100,1.0009453857286157,1.0424353644594206,1.0581324199071684,1.0028562193296646,0.0,0.0,0.0,1.0718241117741014
Memory,50,experiment0_50ms_run3.csv,83,0.9602763358230534,1.3690846631386784,1.7900172412198068,1.0160850837779944,0.08433734939759036,0.08433734939759036,0.03614457831325301,1.8169257462588486
Memory,50,experiment0_50ms_run3.csv,100,1.0,1.0334494393649842,1.050103606419261,1.000653636269775,0.0,0.0,0.0,1.0518134643802657
Memory,5,experiment0_5ms_run3.csv,8,0.9594127711962832,1.4584628905861114,1.6194991518115947,1.0623920534729208,0.125,0.125,0.125,1.6597582171179655
Memory,5,experiment0_5ms_run3.csv,100,1.0015112870093057,1.0414507917438505,1.0519516336917007,1.0010416943032598,0.0,0.0,0.0,1.0656303955237612
Compute,100,compute_100ms_24b_r1.csv,61,2.6945913963729886,3.2110546583366872,3.495023286352666,2.7687238058898878,1.0,0.9836065573770492,0.9836065573770492,3.5012416207310704
Compute,100,compute_100ms_24b_r1.csv,100,1.000107932770343,1.034740402735919,1.05192698952136,0.9988707792070447,0.0,0.0,0.0,1.05192698952136
Compute,25,compute_25ms_24b_r1.csv,15,2.697231933655139,3.494636837486225,3.4975434337551006,2.8207613369290043,1.0,1.0,1.0,3.4982700828223194
Compute,25,compute_25ms_24b_r1.csv,100,1.0013787052465908,1.0364187615525509,1.0450487012160063,0.9988387096421021,0.0,0.0,0.0,1.0515787369335108
Memory,25,experiment0_25ms_run1.csv,36,0.9667673807508278,1.7160121121546492,1.7662387007731792,1.0365947367910766,0.08333333333333333,0.08333333333333333,0.08333333333333333,1.7688821640937324
Memory,25,experiment0_25ms_run1.csv,100,0.9986311093678405,1.0308912950832454,1.0483837040944948,1.0002063271586925,0.0,0.0,0.0,1.052870144137208
L2,50,l2_50ms_r1.csv,42,1.782477434000098,2.18655592734691,2.3695317582974793,1.7572651940158717,1.0,1.0,0.9523809523809523,2.466767429431438
L2,50,l2_50ms_r1.csv,100,0.9980882475484416,1.037915433980201,1.048398809938473,0.9940464861409491,0.0,0.0,0.0,1.054380728535005
