sample,phase,victim_latency_us,time_since_interference_end_us
0,baseline,9.21600033,-1
1,baseline,9.21600033,-1
2,baseline,22.5280002,-1
3,baseline,9.21600033,-1
4,baseline,9.21600033,-1
5,baseline,9.21600033,-1
6,baseline,9.21600033,-1
7,baseline,10.2399997,-1
8,baseline,9.24799964,-1
9,baseline,9.21600033,-1
10,baseline,9.21600033,-1
11,baseline,9.21600033,-1
12,baseline,10.2399997,-1
13,baseline,10.2399997,-1
14,baseline,9.21600033,-1
15,baseline,10.2399997,-1
16,baseline,9.21600033,-1
17,baseline,9.21600033,-1
18,baseline,9.37599968,-1
19,baseline,9.21600033,-1
20,baseline,10.2399997,-1
21,baseline,9.21600033,-1
22,baseline,9.21600033,-1
23,baseline,10.2399997,-1
24,baseline,9.21600033,-1
25,baseline,10.2399997,-1
26,baseline,10.2399997,-1
27,baseline,10.2399997,-1
28,baseline,9.21600033,-1
29,baseline,9.21600033,-1
30,baseline,9.21600033,-1
31,baseline,27.648,-1
32,baseline,9.21600033,-1
33,baseline,9.21600033,-1
34,baseline,9.31200013,-1
35,baseline,9.21600033,-1
36,baseline,10.2399997,-1
37,baseline,9.21600033,-1
38,baseline,9.21600033,-1
39,baseline,10.2399997,-1
40,baseline,9.21600033,-1
41,baseline,9.21600033,-1
42,baseline,9.21600033,-1
43,baseline,9.21600033,-1
44,baseline,9.21600033,-1
45,baseline,9.21600033,-1
46,baseline,9.21600033,-1
47,baseline,9.21600033,-1
48,baseline,9.21600033,-1
49,baseline,9.21600033,-1
50,baseline,8.19199998,-1
51,baseline,9.21600033,-1
52,baseline,9.21600033,-1
53,baseline,9.21600033,-1
54,baseline,9.34400037,-1
55,baseline,9.21600033,-1
56,baseline,9.21600033,-1
57,baseline,9.21600033,-1
58,baseline,9.21600033,-1
59,baseline,9.37599968,-1
60,baseline,9.21600033,-1
61,baseline,9.21600033,-1
62,baseline,9.21600033,-1
63,baseline,9.21600033,-1
64,baseline,9.21600033,-1
65,baseline,9.21600033,-1
66,baseline,9.21600033,-1
67,baseline,9.21600033,-1
68,baseline,10.2399997,-1
69,baseline,10.2399997,-1
70,baseline,10.2399997,-1
71,baseline,9.31200013,-1
72,baseline,9.21600033,-1
73,baseline,9.21600033,-1
74,baseline,9.21600033,-1
75,baseline,9.21600033,-1
76,baseline,9.34400037,-1
77,baseline,9.21600033,-1
78,baseline,9.21600033,-1
79,baseline,10.2399997,-1
80,baseline,9.21600033,-1
81,baseline,9.21600033,-1
82,baseline,30.7199992,-1
83,baseline,9.21600033,-1
84,baseline,9.37599968,-1
85,baseline,9.21600033,-1
86,baseline,9.21600033,-1
87,baseline,9.21600033,-1
88,baseline,9.21600033,-1
89,baseline,9.21600033,-1
90,baseline,9.31200013,-1
91,baseline,9.21600033,-1
92,baseline,9.21600033,-1
93,baseline,9.21600033,-1
94,baseline,9.21600033,-1
95,baseline,9.21600033,-1
96,baseline,9.56800021,-1
97,baseline,9.21600033,-1
98,baseline,9.21600033,-1
99,baseline,9.21600033,-1
100,recovery,9.21600033,1.82400004
101,recovery,8.54399987,12.0639997
102,recovery,8.19199998,22.3040003
103,recovery,8.19199998,31.5200016
104,recovery,8.35200027,40.736001
105,recovery,8.19199998,50.9760007
106,recovery,8.19199998,60.1920001
107,recovery,8.19199998,69.4079995
108,recovery,8.41599982,78.6240026
109,recovery,8.19199998,88.8639987
110,recovery,8.19199998,98.0800018
111,recovery,8.28799978,107.295997
112,recovery,9.21600033,116.512001
113,recovery,8.19199998,126.752004
114,recovery,8.19199998,135.968
115,recovery,8.19199998,145.183995
116,recovery,8.19199998,155.423999
117,recovery,8.19199998,164.639995
118,recovery,8.19199998,173.856005
119,recovery,8.19199998,183.072001
120,recovery,8.51199962,192.287996
121,recovery,8.19199998,202.528
122,recovery,8.19199998,211.743996
123,recovery,8.19199998,220.960006
124,recovery,8.19199998,231.199995
125,recovery,8.19199998,240.416005
126,recovery,8.19199998,249.632001
127,recovery,8.19199998,258.848011
128,recovery,8.19199998,269.088
129,recovery,8.19199998,278.304011
130,recovery,8.28799978,287.519991
131,recovery,9.21600033,296.736002
132,recovery,8.19199998,306.975991
133,recovery,8.19199998,316.192001
134,recovery,8.41599982,325.408012
135,recovery,8.19199998,335.648
136,recovery,8.19199998,344.864011
137,recovery,8.35200027,354.079992
138,recovery,8.19199998,364.32001
139,recovery,8.19199998,373.535991
140,recovery,8.19199998,382.752001
141,recovery,8.44800007,391.968012
142,recovery,8.19199998,402.208
143,recovery,8.19199998,411.424011
144,recovery,8.25599954,420.639992
145,recovery,8.19199998,430.88001
146,recovery,8.19199998,440.095991
147,recovery,8.32000002,449.312001
148,recovery,8.19199998,459.55199
149,recovery,8.19199998,468.768001
150,recovery,8.19199998,477.984011
151,recovery,8.48000031,487.199992
152,recovery,8.19199998,497.44001
153,recovery,8.19199998,506.655991
154,recovery,8.19199998,515.872002
155,recovery,8.57600011,525.088012
156,recovery,8.19199998,535.327971
157,recovery,8.19199998,544.543982
158,recovery,8.19199998,553.759992
159,recovery,8.19199998,564.00001
160,recovery,8.19199998,573.216021
161,recovery,8.19199998,582.431972
162,recovery,8.35200027,591.647983
163,recovery,8.19199998,601.888001
164,recovery,8.19199998,611.104012
165,recovery,8.19199998,620.320022
166,recovery,8.48000031,629.535973
167,recovery,8.19199998,639.775991
168,recovery,8.19199998,648.992002
169,recovery,8.44800007,658.208013
170,recovery,8.19199998,668.447971
171,recovery,169.983998,677.663982
172,recovery,9.21600033,849.695981
173,recovery,9.21600033,860.960007
174,recovery,12.2880004,872.223973
175,recovery,12.2880004,888.607979
176,recovery,11.2640001,903.967977
177,recovery,12.2880004,920.351982
178,recovery,13.3119998,937.759995
179,recovery,9.21600033,957.216024
180,recovery,8.19199998,968.479991
181,recovery,9.21600033,977.696002
182,recovery,9.21600033,987.93602
183,recovery,14.3360002,999.199986
184,recovery,12.2880004,1017.63201
185,recovery,12.2880004,1036.06403
186,recovery,11.2640001,1051.42403
187,recovery,10.2399997,1067.80803
188,recovery,8.38399958,1082.14402
189,recovery,8.19199998,1092.38398
190,recovery,8.28799978,1101.60005
191,recovery,10.2399997,1111.84001
192,recovery,9.21600033,1124.12798
193,recovery,10.2399997,1135.39195
194,recovery,9.21600033,1147.68004
195,recovery,10.2399997,1158.94401
196,recovery,10.2399997,1174.30401
197,recovery,10.2399997,1186.59198
198,recovery,9.21600033,1199.90396
199,recovery,8.19199998,1210.14404
